id,student_id,course_id,enrolled_at,status,academic_year_snapshot,is_current,semester_snapshot,final_percentage,result,attendance_exception
1,2,2,2025-09-21T00:00:00,COMPLETED,1,False,2,64.2,PASSED,False
2,2,4,2025-09-18T00:00:00,ACTIVE,1,True,2,,,False
3,2,1,2025-09-24T00:00:00,ACTIVE,1,True,2,,,False
4,3,1,2025-09-30T00:00:00,COMPLETED,4,False,2,52.6,FAILED,False
5,3,2,2025-09-04T00:00:00,ACTIVE,4,True,2,,,False
6,3,3,2025-09-12T00:00:00,COMPLETED,4,False,2,59.6,FAILED,False
7,4,1,2025-09-26T00:00:00,FAILED,3,False,1,73.1,FAILED,False
8,4,2,2025-09-02T00:00:00,FAILED,3,False,1,40.2,FAILED,False
9,4,4,2025-09-08T00:00:00,ACTIVE,3,True,1,,,False
10,4,3,2025-09-12T00:00:00,ACTIVE,3,True,1,,,False
11,5,48,2025-09-20T00:00:00,DROPPED,2,False,1,,,False
12,5,50,2025-09-27T00:00:00,COMPLETED,2,False,1,90.8,PASSED,False
13,5,49,2025-09-11T00:00:00,ACTIVE,2,True,1,,,False
14,7,6,2025-09-07T00:00:00,FAILED,1,False,2,31.6,FAILED,False
15,7,7,2025-09-18T00:00:00,FAILED,1,False,2,44.8,FAILED,False
16,7,5,2025-09-09T00:00:00,ACTIVE,1,True,2,,,False
17,8,45,2025-09-09T00:00:00,ACTIVE,3,True,2,,,False
18,8,10,2025-09-10T00:00:00,ACTIVE,3,True,2,,,False
19,8,40,2025-09-23T00:00:00,ACTIVE,3,True,2,,,False
20,9,1,2025-09-22T00:00:00,ACTIVE,2,True,2,,,False
21,9,42,2025-09-28T00:00:00,COMPLETED,2,False,2,76.2,PASSED,False
22,9,30,2025-09-10T00:00:00,ACTIVE,2,True,2,,,False
23,10,2,2025-09-16T00:00:00,ACTIVE,1,True,2,,,False
24,10,4,2025-09-18T00:00:00,ACTIVE,1,True,2,,,False
25,10,1,2025-09-07T00:00:00,ACTIVE,1,True,2,,,False
26,10,3,2025-09-30T00:00:00,FAILED,1,False,2,62.1,FAILED,False
27,11,20,2025-09-12T00:00:00,ACTIVE,4,True,1,,,False
28,11,16,2025-09-12T00:00:00,ACTIVE,4,True,1,,,False
29,11,3,2025-09-17T00:00:00,COMPLETED,4,False,1,46.5,FAILED,False
30,11,34,2025-09-02T00:00:00,ACTIVE,4,True,1,,,False
31,12,29,2025-09-29T00:00:00,ACTIVE,2,True,1,,,False
32,12,33,2025-09-05T00:00:00,ACTIVE,2,True,1,,,False
33,12,31,2025-09-13T00:00:00,ACTIVE,2,True,1,,,False
34,12,34,2025-09-22T00:00:00,ACTIVE,2,True,1,,,False
35,12,32,2025-09-21T00:00:00,ACTIVE,2,True,1,,,False
36,12,30,2025-09-14T00:00:00,ACTIVE,2,True,1,,,False
37,13,46,2025-09-05T00:00:00,FAILED,2,False,2,61.4,FAILED,False
38,13,47,2025-09-05T00:00:00,ACTIVE,2,True,2,,,False
39,13,45,2025-09-22T00:00:00,ACTIVE,2,True,2,,,False
40,14,21,2025-09-25T00:00:00,COMPLETED,2,False,2,99.7,PASSED,False
41,14,23,2025-09-30T00:00:00,ACTIVE,2,True,2,,,False
42,14,20,2025-09-03T00:00:00,COMPLETED,2,False,2,41.1,FAILED,False
43,14,22,2025-09-24T00:00:00,ACTIVE,2,True,2,,,False
44,15,15,2025-09-14T00:00:00,DROPPED,1,False,1,,,False
45,15,14,2025-09-24T00:00:00,ACTIVE,1,True,1,,,False
46,15,18,2025-09-29T00:00:00,ACTIVE,1,True,1,,,False
47,15,16,2025-09-24T00:00:00,ACTIVE,1,True,1,,,False
48,16,1,2025-09-01T00:00:00,DROPPED,1,False,2,,,False
49,16,4,2025-09-20T00:00:00,ACTIVE,1,True,2,,,False
50,16,3,2025-09-20T00:00:00,ACTIVE,1,True,2,,,False
51,18,50,2025-09-22T00:00:00,ACTIVE,2,True,2,,,False
52,18,48,2025-09-25T00:00:00,COMPLETED,2,False,2,35.6,FAILED,False
53,18,49,2025-09-17T00:00:00,ACTIVE,2,True,2,,,False
54,19,27,2025-09-06T00:00:00,FAILED,4,False,2,63.2,FAILED,False
55,19,25,2025-09-02T00:00:00,ACTIVE,4,True,2,,,False
56,19,26,2025-09-01T00:00:00,ACTIVE,4,True,2,,,False
57,19,28,2025-09-14T00:00:00,ACTIVE,4,True,2,,,False
58,20,30,2025-09-28T00:00:00,ACTIVE,1,True,2,,,False
59,20,29,2025-09-23T00:00:00,ACTIVE,1,True,2,,,False
60,20,34,2025-09-15T00:00:00,ACTIVE,1,True,2,,,False
61,20,32,2025-09-25T00:00:00,COMPLETED,1,False,2,59.9,FAILED,False
62,21,50,2025-09-20T00:00:00,ACTIVE,1,True,2,,,False
63,21,49,2025-09-19T00:00:00,ACTIVE,1,True,2,,,False
64,21,48,2025-09-17T00:00:00,ACTIVE,1,True,2,,,False
65,23,39,2025-09-15T00:00:00,ACTIVE,4,True,2,,,False
66,23,35,2025-09-02T00:00:00,ACTIVE,4,True,2,,,False
67,23,38,2025-09-08T00:00:00,ACTIVE,4,True,2,,,False
68,24,7,2025-09-17T00:00:00,ACTIVE,4,True,2,,,False
69,24,5,2025-09-07T00:00:00,FAILED,4,False,2,97.4,FAILED,False
70,24,6,2025-09-10T00:00:00,FAILED,4,False,2,57.9,FAILED,False
71,25,11,2025-09-23T00:00:00,ACTIVE,4,True,2,,,False
72,25,9,2025-09-05T00:00:00,ACTIVE,4,True,2,,,False
73,25,13,2025-09-03T00:00:00,COMPLETED,4,False,2,75.2,PASSED,False
74,25,12,2025-09-04T00:00:00,ACTIVE,4,True,2,,,False
75,25,8,2025-09-19T00:00:00,ACTIVE,4,True,2,,,False
76,26,22,2025-09-01T00:00:00,ACTIVE,3,True,1,,,False
77,26,24,2025-09-23T00:00:00,COMPLETED,3,False,1,71.3,PASSED,False
78,26,21,2025-09-03T00:00:00,COMPLETED,3,False,1,91.8,PASSED,False
79,26,20,2025-09-23T00:00:00,ACTIVE,3,True,1,,,False
80,29,40,2025-09-23T00:00:00,ACTIVE,2,True,2,,,False
81,29,35,2025-09-12T00:00:00,ACTIVE,2,True,2,,,False
82,29,39,2025-09-24T00:00:00,COMPLETED,2,False,2,79.5,PASSED,False
83,29,38,2025-09-17T00:00:00,ACTIVE,2,True,2,,,False
84,30,44,2025-09-02T00:00:00,ACTIVE,1,True,1,,,False
85,30,43,2025-09-19T00:00:00,COMPLETED,1,False,1,93.9,PASSED,False
86,30,42,2025-09-28T00:00:00,ACTIVE,1,True,1,,,False
87,31,20,2025-09-25T00:00:00,COMPLETED,4,False,2,51.7,FAILED,False
88,31,19,2025-09-10T00:00:00,ACTIVE,4,True,2,,,False
89,31,22,2025-09-04T00:00:00,ACTIVE,4,True,2,,,False
90,31,24,2025-09-07T00:00:00,ACTIVE,4,True,2,,,True
91,32,1,2025-09-01T00:00:00,COMPLETED,3,False,1,68.0,PASSED,False
92,32,2,2025-09-07T00:00:00,FAILED,3,False,1,64.5,FAILED,False
93,32,3,2025-09-14T00:00:00,COMPLETED,3,False,1,63.3,PASSED,False
94,32,4,2025-09-20T00:00:00,ACTIVE,3,True,1,,,False
95,33,12,2025-09-02T00:00:00,COMPLETED,4,False,2,42.9,FAILED,False
96,33,10,2025-09-02T00:00:00,ACTIVE,4,True,2,,,False
97,33,9,2025-09-02T00:00:00,ACTIVE,4,True,2,,,False
98,33,8,2025-09-10T00:00:00,FAILED,4,False,2,88.7,FAILED,False
99,34,5,2025-09-06T00:00:00,ACTIVE,5,True,2,,,False
100,34,7,2025-09-10T00:00:00,ACTIVE,5,True,2,,,False
101,34,6,2025-09-23T00:00:00,ACTIVE,5,True,2,,,False
102,36,38,2025-09-03T00:00:00,ACTIVE,1,True,1,,,False
103,36,39,2025-09-11T00:00:00,ACTIVE,1,True,1,,,False
104,36,37,2025-09-13T00:00:00,ACTIVE,1,True,1,,,False
105,36,35,2025-09-25T00:00:00,ACTIVE,1,True,1,,,False
106,37,37,2025-09-28T00:00:00,FAILED,4,False,1,38.5,FAILED,False
107,37,38,2025-09-17T00:00:00,COMPLETED,4,False,1,66.9,PASSED,False
108,37,36,2025-09-07T00:00:00,ACTIVE,4,True,1,,,False
109,38,47,2025-09-24T00:00:00,ACTIVE,4,True,2,,,False
110,38,45,2025-09-30T00:00:00,ACTIVE,4,True,2,,,False
111,38,46,2025-09-23T00:00:00,ACTIVE,4,True,2,,,False
112,39,21,2025-09-16T00:00:00,ACTIVE,3,True,1,,,False
113,39,17,2025-09-08T00:00:00,COMPLETED,3,False,1,91.9,PASSED,False
114,39,34,2025-09-07T00:00:00,ACTIVE,3,True,1,,,True
115,39,39,2025-09-01T00:00:00,ACTIVE,3,True,1,,,False
116,40,40,2025-09-14T00:00:00,ACTIVE,1,True,1,,,False
117,40,36,2025-09-12T00:00:00,ACTIVE,1,True,1,,,False
118,40,38,2025-09-01T00:00:00,FAILED,1,False,1,74.6,FAILED,False
119,41,27,2025-09-11T00:00:00,COMPLETED,4,False,2,65.5,PASSED,False
120,41,25,2025-09-04T00:00:00,ACTIVE,4,True,2,,,False
121,41,26,2025-09-24T00:00:00,FAILED,4,False,2,53.9,FAILED,False
122,41,28,2025-09-01T00:00:00,ACTIVE,4,True,2,,,False
123,42,6,2025-09-26T00:00:00,FAILED,5,False,1,94.1,FAILED,False
124,42,7,2025-09-05T00:00:00,COMPLETED,5,False,1,39.5,FAILED,False
125,42,5,2025-09-29T00:00:00,ACTIVE,5,True,1,,,False
126,43,17,2025-09-27T00:00:00,ACTIVE,3,True,2,,,False
127,43,18,2025-09-19T00:00:00,ACTIVE,3,True,2,,,False
128,43,16,2025-09-11T00:00:00,ACTIVE,3,True,2,,,False
129,43,14,2025-09-19T00:00:00,COMPLETED,3,False,2,31.3,FAILED,False
130,44,5,2025-09-27T00:00:00,ACTIVE,1,True,2,,,False
131,44,7,2025-09-13T00:00:00,ACTIVE,1,True,2,,,False
132,44,6,2025-09-19T00:00:00,COMPLETED,1,False,2,89.0,PASSED,False
133,45,39,2025-09-28T00:00:00,DROPPED,1,False,1,,,False
134,45,35,2025-09-02T00:00:00,ACTIVE,1,True,1,,,False
135,45,37,2025-09-03T00:00:00,ACTIVE,1,True,1,,,False
136,45,38,2025-09-08T00:00:00,ACTIVE,1,True,1,,,False
137,46,45,2025-09-04T00:00:00,ACTIVE,2,True,2,,,False
138,46,46,2025-09-07T00:00:00,FAILED,2,False,2,32.6,FAILED,False
139,46,47,2025-09-15T00:00:00,ACTIVE,2,True,2,,,False
140,47,50,2025-09-11T00:00:00,ACTIVE,2,True,1,,,False
141,47,48,2025-09-24T00:00:00,ACTIVE,2,True,1,,,False
142,47,49,2025-09-10T00:00:00,ACTIVE,2,True,1,,,False
143,48,35,2025-09-15T00:00:00,COMPLETED,3,False,2,80.7,PASSED,False
144,48,39,2025-09-04T00:00:00,COMPLETED,3,False,2,90.5,PASSED,True
145,48,36,2025-09-30T00:00:00,ACTIVE,3,True,2,,,False
146,48,40,2025-09-28T00:00:00,ACTIVE,3,True,2,,,False
147,49,49,2025-09-04T00:00:00,ACTIVE,2,True,1,,,False
148,49,50,2025-09-10T00:00:00,FAILED,2,False,1,76.1,FAILED,False
149,49,48,2025-09-21T00:00:00,FAILED,2,False,1,83.1,FAILED,False
150,50,18,2025-09-05T00:00:00,ACTIVE,3,True,2,,,False
151,50,19,2025-09-20T00:00:00,COMPLETED,3,False,2,38.0,FAILED,False
152,50,21,2025-09-18T00:00:00,COMPLETED,3,False,2,37.2,FAILED,False
153,50,13,2025-09-11T00:00:00,ACTIVE,3,True,2,,,False
154,51,2,2025-09-11T00:00:00,FAILED,4,False,1,72.9,FAILED,False
155,51,1,2025-09-02T00:00:00,ACTIVE,4,True,1,,,False
156,51,3,2025-09-16T00:00:00,ACTIVE,4,True,1,,,False
157,51,4,2025-09-02T00:00:00,ACTIVE,4,True,1,,,False
158,52,1,2025-09-06T00:00:00,ACTIVE,2,True,1,,,False
159,52,2,2025-09-29T00:00:00,ACTIVE,2,True,1,,,False
160,52,3,2025-09-23T00:00:00,COMPLETED,2,False,1,88.5,PASSED,False
161,54,37,2025-09-30T00:00:00,ACTIVE,1,True,1,,,False
162,54,40,2025-09-05T00:00:00,COMPLETED,1,False,1,62.6,PASSED,False
163,54,36,2025-09-26T00:00:00,ACTIVE,1,True,1,,,False
164,54,39,2025-09-15T00:00:00,ACTIVE,1,True,1,,,False
165,54,35,2025-09-10T00:00:00,ACTIVE,1,True,1,,,False
166,55,28,2025-09-28T00:00:00,ACTIVE,5,True,1,,,False
167,55,25,2025-09-12T00:00:00,COMPLETED,5,False,1,48.1,FAILED,False
168,55,27,2025-09-23T00:00:00,ACTIVE,5,True,1,,,False
169,55,26,2025-09-11T00:00:00,ACTIVE,5,True,1,,,False
170,56,4,2025-09-16T00:00:00,ACTIVE,5,True,1,,,False
171,56,2,2025-09-28T00:00:00,COMPLETED,5,False,1,63.5,PASSED,False
172,56,1,2025-09-20T00:00:00,FAILED,5,False,1,83.8,FAILED,False
173,56,3,2025-09-13T00:00:00,COMPLETED,5,False,1,65.6,PASSED,False
174,58,31,2025-09-26T00:00:00,ACTIVE,2,True,2,,,False
175,58,33,2025-09-15T00:00:00,ACTIVE,2,True,2,,,False
176,58,29,2025-09-14T00:00:00,ACTIVE,2,True,2,,,False
177,59,16,2025-09-26T00:00:00,ACTIVE,3,True,1,,,False
178,59,36,2025-09-19T00:00:00,ACTIVE,3,True,1,,,False
179,59,31,2025-09-18T00:00:00,ACTIVE,3,True,1,,,False
180,59,11,2025-09-06T00:00:00,ACTIVE,3,True,1,,,False
181,60,34,2025-09-04T00:00:00,ACTIVE,4,True,2,,,False
182,60,33,2025-09-18T00:00:00,COMPLETED,4,False,2,62.4,PASSED,False
183,60,32,2025-09-15T00:00:00,ACTIVE,4,True,2,,,False
184,62,1,2025-09-11T00:00:00,ACTIVE,2,True,2,,,False
185,62,3,2025-09-03T00:00:00,COMPLETED,2,False,2,76.2,PASSED,False
186,62,4,2025-09-05T00:00:00,ACTIVE,2,True,2,,,False
187,62,2,2025-09-21T00:00:00,COMPLETED,2,False,2,93.2,PASSED,False
188,63,50,2025-09-18T00:00:00,ACTIVE,4,True,1,,,False
189,63,48,2025-09-20T00:00:00,ACTIVE,4,True,1,,,False
190,63,49,2025-09-22T00:00:00,COMPLETED,4,False,1,43.7,FAILED,False
191,64,7,2025-09-30T00:00:00,COMPLETED,1,False,1,80.2,PASSED,False
192,64,6,2025-09-01T00:00:00,COMPLETED,1,False,1,36.3,FAILED,False
193,64,5,2025-09-17T00:00:00,ACTIVE,1,True,1,,,False
194,65,16,2025-09-29T00:00:00,ACTIVE,5,True,1,,,False
195,65,14,2025-09-02T00:00:00,ACTIVE,5,True,1,,,True
196,65,15,2025-09-18T00:00:00,ACTIVE,5,True,1,,,False
197,66,45,2025-09-23T00:00:00,FAILED,2,False,2,46.5,FAILED,False
198,66,46,2025-09-21T00:00:00,ACTIVE,2,True,2,,,False
199,66,47,2025-09-13T00:00:00,DROPPED,2,False,2,,,False
200,67,7,2025-09-16T00:00:00,ACTIVE,4,True,2,,,False
201,67,5,2025-09-18T00:00:00,ACTIVE,4,True,2,,,False
202,67,6,2025-09-30T00:00:00,ACTIVE,4,True,2,,,False
203,68,5,2025-09-03T00:00:00,FAILED,2,False,2,39.4,FAILED,False
204,68,6,2025-09-29T00:00:00,COMPLETED,2,False,2,40.1,FAILED,False
205,68,7,2025-09-05T00:00:00,COMPLETED,2,False,2,60.6,PASSED,False
206,69,46,2025-09-14T00:00:00,COMPLETED,4,False,2,61.8,PASSED,False
207,69,47,2025-09-12T00:00:00,COMPLETED,4,False,2,61.5,PASSED,False
208,69,45,2025-09-01T00:00:00,COMPLETED,4,False,2,59.7,FAILED,False
209,71,13,2025-09-30T00:00:00,ACTIVE,2,True,2,,,False
210,71,12,2025-09-12T00:00:00,ACTIVE,2,True,2,,,False
211,71,10,2025-09-02T00:00:00,ACTIVE,2,True,2,,,False
212,71,9,2025-09-23T00:00:00,DROPPED,2,False,2,,,False
213,72,7,2025-09-17T00:00:00,FAILED,4,False,2,81.1,FAILED,False
214,72,5,2025-09-25T00:00:00,ACTIVE,4,True,2,,,False
215,72,6,2025-09-03T00:00:00,COMPLETED,4,False,2,62.5,PASSED,False
216,73,5,2025-09-18T00:00:00,FAILED,4,False,2,77.9,FAILED,False
217,73,6,2025-09-10T00:00:00,ACTIVE,4,True,2,,,False
218,73,7,2025-09-29T00:00:00,ACTIVE,4,True,2,,,False
219,74,44,2025-09-11T00:00:00,FAILED,3,False,2,70.2,FAILED,False
220,74,42,2025-09-26T00:00:00,ACTIVE,3,True,2,,,False
221,74,43,2025-09-23T00:00:00,COMPLETED,3,False,2,41.7,FAILED,False
222,75,3,2025-09-19T00:00:00,ACTIVE,3,True,1,,,False
223,75,1,2025-09-26T00:00:00,FAILED,3,False,1,99.3,FAILED,False
224,75,2,2025-09-01T00:00:00,DROPPED,3,False,1,,,False
225,75,4,2025-09-17T00:00:00,FAILED,3,False,1,35.8,FAILED,False
226,77,6,2025-09-09T00:00:00,ACTIVE,3,True,2,,,False
227,77,5,2025-09-04T00:00:00,FAILED,3,False,2,31.0,FAILED,False
228,77,7,2025-09-24T00:00:00,COMPLETED,3,False,2,93.7,PASSED,False
229,78,49,2025-09-26T00:00:00,ACTIVE,2,True,2,,,False
230,78,48,2025-09-26T00:00:00,COMPLETED,2,False,2,63.9,PASSED,False
231,78,50,2025-09-02T00:00:00,ACTIVE,2,True,2,,,False
232,79,45,2025-09-25T00:00:00,ACTIVE,2,True,1,,,False
233,79,47,2025-09-25T00:00:00,ACTIVE,2,True,1,,,False
234,79,46,2025-09-22T00:00:00,ACTIVE,2,True,1,,,False
235,80,48,2025-09-21T00:00:00,ACTIVE,1,True,2,,,False
236,80,49,2025-09-02T00:00:00,COMPLETED,1,False,2,87.4,PASSED,False
237,80,50,2025-09-13T00:00:00,ACTIVE,1,True,2,,,False
238,81,7,2025-09-13T00:00:00,COMPLETED,1,False,1,77.8,PASSED,False
239,81,5,2025-09-05T00:00:00,ACTIVE,1,True,1,,,False
240,81,6,2025-09-14T00:00:00,ACTIVE,1,True,1,,,True
241,82,38,2025-09-20T00:00:00,ACTIVE,1,True,1,,,False
242,82,37,2025-09-11T00:00:00,COMPLETED,1,False,1,90.1,PASSED,False
243,82,35,2025-09-26T00:00:00,ACTIVE,1,True,1,,,False
244,82,40,2025-09-13T00:00:00,COMPLETED,1,False,1,75.8,PASSED,False
245,82,36,2025-09-08T00:00:00,FAILED,1,False,1,77.3,FAILED,False
246,82,39,2025-09-07T00:00:00,COMPLETED,1,False,1,71.2,PASSED,False
247,83,6,2025-09-27T00:00:00,ACTIVE,2,True,2,,,False
248,83,5,2025-09-14T00:00:00,ACTIVE,2,True,2,,,False
249,83,7,2025-09-15T00:00:00,FAILED,2,False,2,37.3,FAILED,False
250,84,31,2025-09-02T00:00:00,ACTIVE,1,True,1,,,False
251,84,30,2025-09-27T00:00:00,FAILED,1,False,1,76.0,FAILED,False
252,84,29,2025-09-20T00:00:00,ACTIVE,1,True,1,,,False
253,84,32,2025-09-04T00:00:00,FAILED,1,False,1,79.6,FAILED,False
254,84,34,2025-09-13T00:00:00,COMPLETED,1,False,1,72.3,PASSED,False
255,85,29,2025-09-15T00:00:00,DROPPED,4,False,2,,,False
256,85,30,2025-09-03T00:00:00,ACTIVE,4,True,2,,,False
257,85,31,2025-09-09T00:00:00,COMPLETED,4,False,2,94.6,PASSED,False
258,85,33,2025-09-23T00:00:00,ACTIVE,4,True,2,,,False
259,86,6,2025-09-09T00:00:00,ACTIVE,4,True,1,,,False
260,86,5,2025-09-11T00:00:00,COMPLETED,4,False,1,56.8,FAILED,False
261,86,7,2025-09-27T00:00:00,FAILED,4,False,1,48.1,FAILED,False
262,87,25,2025-09-06T00:00:00,DROPPED,6,False,2,,,False
263,87,26,2025-09-18T00:00:00,COMPLETED,6,False,2,37.6,FAILED,False
264,87,28,2025-09-07T00:00:00,ACTIVE,6,True,2,,,False
265,87,27,2025-09-04T00:00:00,ACTIVE,6,True,2,,,False
266,88,5,2025-09-24T00:00:00,COMPLETED,3,False,1,34.9,FAILED,False
267,88,7,2025-09-15T00:00:00,ACTIVE,3,True,1,,,True
268,88,6,2025-09-16T00:00:00,ACTIVE,3,True,1,,,False
269,89,8,2025-09-05T00:00:00,ACTIVE,3,True,1,,,False
270,89,11,2025-09-29T00:00:00,ACTIVE,3,True,1,,,False
271,89,10,2025-09-01T00:00:00,ACTIVE,3,True,1,,,False
272,90,6,2025-09-28T00:00:00,ACTIVE,5,True,1,,,False
273,90,7,2025-09-26T00:00:00,ACTIVE,5,True,1,,,False
274,90,5,2025-09-18T00:00:00,ACTIVE,5,True,1,,,False
275,91,7,2025-09-19T00:00:00,DROPPED,1,False,1,,,False
276,91,6,2025-09-12T00:00:00,ACTIVE,1,True,1,,,False
277,91,5,2025-09-10T00:00:00,ACTIVE,1,True,1,,,False
278,93,14,2025-09-25T00:00:00,COMPLETED,4,False,2,88.9,PASSED,False
279,93,16,2025-09-21T00:00:00,ACTIVE,4,True,2,,,False
280,93,17,2025-09-13T00:00:00,FAILED,4,False,2,68.8,FAILED,False
281,93,15,2025-09-13T00:00:00,COMPLETED,4,False,2,50.9,FAILED,False
282,93,18,2025-09-21T00:00:00,ACTIVE,4,True,2,,,False
283,94,1,2025-09-05T00:00:00,ACTIVE,4,True,1,,,False
284,94,3,2025-09-19T00:00:00,FAILED,4,False,1,31.8,FAILED,False
285,94,2,2025-09-26T00:00:00,FAILED,4,False,1,57.2,FAILED,False
286,94,4,2025-09-10T00:00:00,ACTIVE,4,True,1,,,False
287,95,29,2025-09-07T00:00:00,COMPLETED,1,False,2,58.4,FAILED,False
288,95,34,2025-09-22T00:00:00,ACTIVE,1,True,2,,,False
289,95,31,2025-09-22T00:00:00,DROPPED,1,False,2,,,False
290,95,33,2025-09-18T00:00:00,ACTIVE,1,True,2,,,False
291,95,30,2025-09-30T00:00:00,FAILED,1,False,2,70.6,FAILED,False
292,95,32,2025-09-16T00:00:00,COMPLETED,1,False,2,81.5,PASSED,False
293,98,41,2025-09-02T00:00:00,COMPLETED,2,False,1,42.1,FAILED,False
294,98,44,2025-09-27T00:00:00,ACTIVE,2,True,1,,,False
295,98,43,2025-09-15T00:00:00,ACTIVE,2,True,1,,,False
296,98,42,2025-09-27T00:00:00,ACTIVE,2,True,1,,,False
297,100,25,2025-09-03T00:00:00,ACTIVE,6,True,2,,,False
298,100,26,2025-09-14T00:00:00,ACTIVE,6,True,2,,,False
299,100,28,2025-09-24T00:00:00,COMPLETED,6,False,2,88.5,PASSED,False
300,101,41,2025-09-27T00:00:00,ACTIVE,1,True,2,,,False
301,101,43,2025-09-07T00:00:00,ACTIVE,1,True,2,,,False
302,101,44,2025-09-19T00:00:00,DROPPED,1,False,2,,,False
303,101,42,2025-09-09T00:00:00,FAILED,1,False,2,34.4,FAILED,False
304,103,2,2025-09-30T00:00:00,FAILED,4,False,1,60.7,FAILED,False
305,103,3,2025-09-05T00:00:00,DROPPED,4,False,1,,,False
306,103,4,2025-09-28T00:00:00,ACTIVE,4,True,1,,,False
307,103,1,2025-09-13T00:00:00,ACTIVE,4,True,1,,,False
308,104,46,2025-09-30T00:00:00,COMPLETED,2,False,2,30.5,FAILED,False
309,104,45,2025-09-29T00:00:00,COMPLETED,2,False,2,75.6,PASSED,False
310,104,47,2025-09-23T00:00:00,ACTIVE,2,True,2,,,False
311,105,42,2025-09-14T00:00:00,COMPLETED,4,False,1,66.6,PASSED,False
312,105,41,2025-09-06T00:00:00,ACTIVE,4,True,1,,,False
313,105,43,2025-09-02T00:00:00,ACTIVE,4,True,1,,,False
314,105,44,2025-09-23T00:00:00,ACTIVE,4,True,1,,,False
315,106,13,2025-09-14T00:00:00,ACTIVE,5,True,2,,,True
316,106,10,2025-09-08T00:00:00,ACTIVE,5,True,2,,,False
317,106,12,2025-09-17T00:00:00,ACTIVE,5,True,2,,,False
318,107,50,2025-09-22T00:00:00,FAILED,4,False,1,83.9,FAILED,False
319,107,48,2025-09-02T00:00:00,ACTIVE,4,True,1,,,False
320,107,49,2025-09-26T00:00:00,ACTIVE,4,True,1,,,False
321,108,11,2025-09-10T00:00:00,FAILED,1,False,1,75.1,FAILED,False
322,108,9,2025-09-09T00:00:00,DROPPED,1,False,1,,,False
323,108,12,2025-09-25T00:00:00,FAILED,1,False,1,86.4,FAILED,False
324,108,10,2025-09-02T00:00:00,COMPLETED,1,False,1,37.3,FAILED,False
325,108,8,2025-09-26T00:00:00,COMPLETED,1,False,1,42.3,FAILED,False
326,108,13,2025-09-17T00:00:00,ACTIVE,1,True,1,,,False
327,109,13,2025-09-07T00:00:00,ACTIVE,2,True,2,,,False
328,109,11,2025-09-29T00:00:00,ACTIVE,2,True,2,,,False
329,109,10,2025-09-25T00:00:00,ACTIVE,2,True,2,,,False
330,109,9,2025-09-08T00:00:00,ACTIVE,2,True,2,,,False
331,110,48,2025-09-14T00:00:00,COMPLETED,4,False,1,33.8,FAILED,False
332,110,27,2025-09-30T00:00:00,ACTIVE,4,True,1,,,False
333,110,13,2025-09-06T00:00:00,ACTIVE,4,True,1,,,False
334,111,44,2025-09-21T00:00:00,ACTIVE,4,True,2,,,False
335,111,43,2025-09-11T00:00:00,COMPLETED,4,False,2,48.9,FAILED,False
336,111,41,2025-09-23T00:00:00,ACTIVE,4,True,2,,,False
337,112,5,2025-09-06T00:00:00,FAILED,3,False,1,62.1,FAILED,False
338,112,7,2025-09-08T00:00:00,ACTIVE,3,True,1,,,False
339,112,6,2025-09-20T00:00:00,ACTIVE,3,True,1,,,False
340,113,2,2025-09-28T00:00:00,ACTIVE,4,True,2,,,False
341,113,1,2025-09-07T00:00:00,COMPLETED,4,False,2,90.4,PASSED,False
342,113,4,2025-09-27T00:00:00,ACTIVE,4,True,2,,,False
343,114,13,2025-09-14T00:00:00,COMPLETED,2,False,2,47.3,FAILED,False
344,114,11,2025-09-29T00:00:00,ACTIVE,2,True,2,,,False
345,114,9,2025-09-05T00:00:00,ACTIVE,2,True,2,,,False
346,115,11,2025-09-24T00:00:00,FAILED,5,False,1,99.4,FAILED,False
347,115,8,2025-09-17T00:00:00,COMPLETED,5,False,1,32.4,FAILED,False
348,115,12,2025-09-23T00:00:00,COMPLETED,5,False,1,86.7,PASSED,False
349,116,49,2025-09-01T00:00:00,FAILED,4,False,1,69.1,FAILED,False
350,116,48,2025-09-07T00:00:00,FAILED,4,False,1,58.5,FAILED,False
351,116,50,2025-09-21T00:00:00,COMPLETED,4,False,1,50.7,FAILED,False
352,117,32,2025-09-28T00:00:00,COMPLETED,1,False,1,79.2,PASSED,False
353,117,31,2025-09-15T00:00:00,COMPLETED,1,False,1,70.9,PASSED,False
354,117,30,2025-09-23T00:00:00,COMPLETED,1,False,1,39.7,FAILED,False
355,118,44,2025-09-23T00:00:00,COMPLETED,1,False,2,56.9,FAILED,False
356,118,43,2025-09-14T00:00:00,COMPLETED,1,False,2,32.3,FAILED,False
357,118,41,2025-09-23T00:00:00,ACTIVE,1,True,2,,,False
358,118,42,2025-09-26T00:00:00,FAILED,1,False,2,68.0,FAILED,False
359,119,14,2025-09-04T00:00:00,FAILED,6,False,2,92.2,FAILED,False
360,119,16,2025-09-15T00:00:00,ACTIVE,6,True,2,,,False
361,119,17,2025-09-06T00:00:00,COMPLETED,6,False,2,55.6,FAILED,False
362,119,18,2025-09-23T00:00:00,ACTIVE,6,True,2,,,False
363,119,15,2025-09-23T00:00:00,ACTIVE,6,True,2,,,False
364,120,49,2025-09-24T00:00:00,COMPLETED,4,False,1,75.4,PASSED,False
365,120,48,2025-09-19T00:00:00,ACTIVE,4,True,1,,,False
366,120,50,2025-09-25T00:00:00,COMPLETED,4,False,1,79.2,PASSED,False
367,125,23,2025-09-16T00:00:00,COMPLETED,4,False,2,54.2,FAILED,False
368,125,15,2025-09-27T00:00:00,ACTIVE,4,True,2,,,False
369,125,18,2025-09-23T00:00:00,ACTIVE,4,True,2,,,False
370,125,21,2025-09-27T00:00:00,ACTIVE,4,True,2,,,False
371,126,28,2025-09-29T00:00:00,COMPLETED,5,False,1,43.2,FAILED,False
372,126,27,2025-09-03T00:00:00,DROPPED,5,False,1,,,False
373,126,26,2025-09-03T00:00:00,COMPLETED,5,False,1,42.5,FAILED,False
374,126,25,2025-09-09T00:00:00,ACTIVE,5,True,1,,,False
375,127,28,2025-09-21T00:00:00,COMPLETED,4,False,2,66.4,PASSED,False
376,127,25,2025-09-14T00:00:00,ACTIVE,4,True,2,,,False
377,127,27,2025-09-05T00:00:00,COMPLETED,4,False,2,67.9,PASSED,False
378,128,28,2025-09-07T00:00:00,ACTIVE,4,True,1,,,False
379,128,27,2025-09-08T00:00:00,COMPLETED,4,False,1,91.0,PASSED,False
380,128,25,2025-09-17T00:00:00,ACTIVE,4,True,1,,,False
381,128,26,2025-09-14T00:00:00,DROPPED,4,False,1,,,False
382,129,22,2025-09-19T00:00:00,ACTIVE,6,True,2,,,False
383,129,23,2025-09-06T00:00:00,COMPLETED,6,False,2,85.3,PASSED,False
384,129,24,2025-09-12T00:00:00,FAILED,6,False,2,45.9,FAILED,False
385,129,20,2025-09-25T00:00:00,ACTIVE,6,True,2,,,False
386,129,21,2025-09-10T00:00:00,FAILED,6,False,2,40.4,FAILED,False
387,130,7,2025-09-06T00:00:00,COMPLETED,3,False,2,42.8,FAILED,False
388,130,5,2025-09-23T00:00:00,ACTIVE,3,True,2,,,False
389,130,6,2025-09-26T00:00:00,ACTIVE,3,True,2,,,False
390,132,8,2025-09-09T00:00:00,COMPLETED,5,False,2,38.9,FAILED,False
391,132,13,2025-09-07T00:00:00,ACTIVE,5,True,2,,,False
392,132,10,2025-09-02T00:00:00,ACTIVE,5,True,2,,,False
393,132,11,2025-09-12T00:00:00,ACTIVE,5,True,2,,,False
394,133,12,2025-09-25T00:00:00,COMPLETED,3,False,2,95.2,PASSED,False
395,133,9,2025-09-15T00:00:00,ACTIVE,3,True,2,,,False
396,133,10,2025-09-24T00:00:00,FAILED,3,False,2,40.9,FAILED,False
397,133,8,2025-09-17T00:00:00,DROPPED,3,False,2,,,False
398,133,11,2025-09-23T00:00:00,DROPPED,3,False,2,,,False
399,133,13,2025-09-25T00:00:00,COMPLETED,3,False,2,92.7,PASSED,False
400,134,44,2025-09-24T00:00:00,ACTIVE,1,True,1,,,False
401,134,42,2025-09-22T00:00:00,COMPLETED,1,False,1,32.8,FAILED,False
402,134,41,2025-09-10T00:00:00,ACTIVE,1,True,1,,,False
403,135,6,2025-09-11T00:00:00,ACTIVE,3,True,2,,,False
404,135,7,2025-09-21T00:00:00,ACTIVE,3,True,2,,,False
405,135,5,2025-09-17T00:00:00,ACTIVE,3,True,2,,,False
406,136,9,2025-09-03T00:00:00,COMPLETED,5,False,1,77.4,PASSED,False
407,136,8,2025-09-16T00:00:00,COMPLETED,5,False,1,57.6,FAILED,False
408,136,12,2025-09-20T00:00:00,ACTIVE,5,True,1,,,False
409,136,10,2025-09-02T00:00:00,ACTIVE,5,True,1,,,False
410,136,13,2025-09-12T00:00:00,DROPPED,5,False,1,,,False
411,138,37,2025-09-12T00:00:00,ACTIVE,1,True,2,,,False
412,138,38,2025-09-15T00:00:00,ACTIVE,1,True,2,,,False
413,138,40,2025-09-03T00:00:00,ACTIVE,1,True,2,,,False
414,138,35,2025-09-24T00:00:00,COMPLETED,1,False,2,92.1,PASSED,False
415,138,36,2025-09-10T00:00:00,COMPLETED,1,False,2,86.3,PASSED,False
416,138,39,2025-09-24T00:00:00,ACTIVE,1,True,2,,,False
417,139,34,2025-09-07T00:00:00,ACTIVE,2,True,2,,,False
418,139,32,2025-09-17T00:00:00,COMPLETED,2,False,2,99.2,PASSED,False
419,139,30,2025-09-19T00:00:00,COMPLETED,2,False,2,34.6,FAILED,False
420,139,31,2025-09-03T00:00:00,ACTIVE,2,True,2,,,True
421,139,29,2025-09-21T00:00:00,DROPPED,2,False,2,,,False
422,139,33,2025-09-14T00:00:00,ACTIVE,2,True,2,,,False
423,140,7,2025-09-06T00:00:00,ACTIVE,1,True,1,,,False
424,140,5,2025-09-16T00:00:00,FAILED,1,False,1,50.3,FAILED,False
425,140,6,2025-09-27T00:00:00,ACTIVE,1,True,1,,,False
426,141,44,2025-09-01T00:00:00,COMPLETED,4,False,1,31.9,FAILED,False
427,141,43,2025-09-10T00:00:00,ACTIVE,4,True,1,,,False
428,141,42,2025-09-27T00:00:00,ACTIVE,4,True,1,,,False
429,141,41,2025-09-04T00:00:00,DROPPED,4,False,1,,,False
430,142,4,2025-09-01T00:00:00,ACTIVE,1,True,2,,,False
431,142,1,2025-09-03T00:00:00,FAILED,1,False,2,49.4,FAILED,False
432,142,2,2025-09-12T00:00:00,ACTIVE,1,True,2,,,False
433,142,3,2025-09-19T00:00:00,ACTIVE,1,True,2,,,False
434,143,44,2025-09-28T00:00:00,ACTIVE,3,True,1,,,False
435,143,31,2025-09-05T00:00:00,COMPLETED,3,False,1,70.7,PASSED,False
436,143,17,2025-09-29T00:00:00,ACTIVE,3,True,1,,,False
437,144,30,2025-09-12T00:00:00,FAILED,4,False,1,74.5,FAILED,False
438,144,29,2025-09-10T00:00:00,ACTIVE,4,True,1,,,False
439,144,31,2025-09-30T00:00:00,DROPPED,4,False,1,,,False
440,144,34,2025-09-07T00:00:00,ACTIVE,4,True,1,,,False
441,144,32,2025-09-04T00:00:00,FAILED,4,False,1,42.8,FAILED,False
442,145,27,2025-09-23T00:00:00,COMPLETED,2,False,1,49.0,FAILED,False
443,145,26,2025-09-19T00:00:00,COMPLETED,2,False,1,36.7,FAILED,False
444,145,28,2025-09-05T00:00:00,COMPLETED,2,False,1,40.1,FAILED,False
445,146,38,2025-09-17T00:00:00,COMPLETED,2,False,2,45.3,FAILED,False
446,146,40,2025-09-29T00:00:00,COMPLETED,2,False,2,43.2,FAILED,False
447,146,37,2025-09-23T00:00:00,ACTIVE,2,True,2,,,False
448,146,35,2025-09-17T00:00:00,ACTIVE,2,True,2,,,False
449,146,39,2025-09-23T00:00:00,FAILED,2,False,2,79.9,FAILED,False
450,147,44,2025-09-05T00:00:00,COMPLETED,4,False,2,38.2,FAILED,False
451,147,42,2025-09-10T00:00:00,COMPLETED,4,False,2,63.6,PASSED,False
452,147,41,2025-09-05T00:00:00,ACTIVE,4,True,2,,,False
453,148,45,2025-09-24T00:00:00,ACTIVE,4,True,1,,,False
454,148,46,2025-09-08T00:00:00,ACTIVE,4,True,1,,,False
455,148,47,2025-09-23T00:00:00,COMPLETED,4,False,1,78.6,PASSED,False
456,149,30,2025-09-23T00:00:00,ACTIVE,2,True,1,,,False
457,149,34,2025-09-04T00:00:00,ACTIVE,2,True,1,,,False
458,149,29,2025-09-25T00:00:00,ACTIVE,2,True,1,,,False
459,149,33,2025-09-14T00:00:00,ACTIVE,2,True,1,,,False
460,150,33,2025-09-02T00:00:00,ACTIVE,2,True,1,,,False
461,150,7,2025-09-22T00:00:00,ACTIVE,2,True,1,,,True
462,150,3,2025-09-04T00:00:00,COMPLETED,2,False,1,36.8,FAILED,False
463,151,42,2025-09-01T00:00:00,ACTIVE,4,True,2,,,False
464,151,41,2025-09-28T00:00:00,ACTIVE,4,True,2,,,False
465,151,44,2025-09-09T00:00:00,ACTIVE,4,True,2,,,False
466,152,16,2025-09-17T00:00:00,ACTIVE,3,True,1,,,False
467,152,15,2025-09-04T00:00:00,ACTIVE,3,True,1,,,False
468,152,18,2025-09-25T00:00:00,ACTIVE,3,True,1,,,True
469,152,14,2025-09-07T00:00:00,COMPLETED,3,False,1,45.2,FAILED,False
470,154,39,2025-09-30T00:00:00,ACTIVE,3,True,2,,,False
471,154,35,2025-09-12T00:00:00,COMPLETED,3,False,2,79.5,PASSED,False
472,154,40,2025-09-22T00:00:00,FAILED,3,False,2,43.0,FAILED,False
473,154,38,2025-09-12T00:00:00,COMPLETED,3,False,2,42.7,FAILED,False
474,155,15,2025-09-25T00:00:00,ACTIVE,1,True,1,,,False
475,155,18,2025-09-04T00:00:00,ACTIVE,1,True,1,,,False
476,155,17,2025-09-17T00:00:00,ACTIVE,1,True,1,,,False
477,155,14,2025-09-25T00:00:00,ACTIVE,1,True,1,,,False
478,156,50,2025-09-11T00:00:00,DROPPED,2,False,2,,,False
479,156,48,2025-09-13T00:00:00,ACTIVE,2,True,2,,,False
480,156,49,2025-09-20T00:00:00,ACTIVE,2,True,2,,,False
481,158,15,2025-09-26T00:00:00,COMPLETED,3,False,1,92.6,PASSED,False
482,158,29,2025-09-06T00:00:00,COMPLETED,3,False,1,77.5,PASSED,True
483,158,44,2025-09-22T00:00:00,ACTIVE,3,True,1,,,False
484,158,36,2025-09-04T00:00:00,ACTIVE,3,True,1,,,False
485,159,19,2025-09-13T00:00:00,ACTIVE,2,True,2,,,False
486,159,20,2025-09-04T00:00:00,ACTIVE,2,True,2,,,False
487,159,22,2025-09-29T00:00:00,ACTIVE,2,True,2,,,False
488,160,46,2025-09-07T00:00:00,ACTIVE,2,True,2,,,False
489,160,45,2025-09-13T00:00:00,ACTIVE,2,True,2,,,False
490,160,47,2025-09-27T00:00:00,ACTIVE,2,True,2,,,False
491,161,27,2025-09-12T00:00:00,ACTIVE,2,True,2,,,False
492,161,28,2025-09-20T00:00:00,ACTIVE,2,True,2,,,False
493,161,26,2025-09-16T00:00:00,ACTIVE,2,True,2,,,False
494,161,25,2025-09-15T00:00:00,COMPLETED,2,False,2,40.3,FAILED,False
495,162,17,2025-09-16T00:00:00,COMPLETED,2,False,1,88.1,PASSED,False
496,162,41,2025-09-06T00:00:00,ACTIVE,2,True,1,,,False
497,162,15,2025-09-22T00:00:00,ACTIVE,2,True,1,,,False
498,163,25,2025-09-07T00:00:00,ACTIVE,5,True,2,,,False
499,163,28,2025-09-17T00:00:00,COMPLETED,5,False,2,64.9,PASSED,False
500,163,26,2025-09-28T00:00:00,COMPLETED,5,False,2,54.1,FAILED,False
501,163,27,2025-09-01T00:00:00,ACTIVE,5,True,2,,,False
502,164,44,2025-09-28T00:00:00,FAILED,2,False,2,61.5,FAILED,False
503,164,41,2025-09-15T00:00:00,ACTIVE,2,True,2,,,False
504,164,42,2025-09-06T00:00:00,ACTIVE,2,True,2,,,False
505,165,15,2025-09-13T00:00:00,COMPLETED,5,False,2,51.9,FAILED,False
506,165,17,2025-09-22T00:00:00,FAILED,5,False,2,37.7,FAILED,False
507,165,18,2025-09-18T00:00:00,COMPLETED,5,False,2,68.8,PASSED,False
508,165,14,2025-09-28T00:00:00,COMPLETED,5,False,2,63.3,PASSED,False
509,166,4,2025-09-19T00:00:00,ACTIVE,4,True,1,,,False
510,166,2,2025-09-12T00:00:00,COMPLETED,4,False,1,73.2,PASSED,False
511,166,3,2025-09-10T00:00:00,ACTIVE,4,True,1,,,False
512,167,23,2025-09-12T00:00:00,FAILED,1,False,2,88.6,FAILED,False
513,167,19,2025-09-19T00:00:00,ACTIVE,1,True,2,,,False
514,167,20,2025-09-11T00:00:00,COMPLETED,1,False,2,92.4,PASSED,False
515,168,21,2025-09-08T00:00:00,ACTIVE,4,True,2,,,False
516,168,24,2025-09-03T00:00:00,COMPLETED,4,False,2,51.8,FAILED,False
517,168,22,2025-09-03T00:00:00,ACTIVE,4,True,2,,,False
518,168,20,2025-09-06T00:00:00,COMPLETED,4,False,2,38.0,FAILED,True
519,168,19,2025-09-11T00:00:00,ACTIVE,4,True,2,,,False
520,168,23,2025-09-22T00:00:00,ACTIVE,4,True,2,,,False
521,169,10,2025-09-13T00:00:00,ACTIVE,3,True,1,,,False
522,169,8,2025-09-11T00:00:00,ACTIVE,3,True,1,,,False
523,169,11,2025-09-04T00:00:00,FAILED,3,False,1,86.6,FAILED,False
524,169,13,2025-09-07T00:00:00,ACTIVE,3,True,1,,,False
525,169,12,2025-09-17T00:00:00,DROPPED,3,False,1,,,False
526,169,9,2025-09-22T00:00:00,ACTIVE,3,True,1,,,False
527,170,37,2025-09-27T00:00:00,ACTIVE,4,True,2,,,False
528,170,38,2025-09-09T00:00:00,COMPLETED,4,False,2,45.0,FAILED,False
529,170,36,2025-09-13T00:00:00,COMPLETED,4,False,2,99.7,PASSED,False
530,170,39,2025-09-20T00:00:00,ACTIVE,4,True,2,,,False
531,170,35,2025-09-03T00:00:00,ACTIVE,4,True,2,,,False
532,171,3,2025-09-17T00:00:00,COMPLETED,2,False,2,69.6,PASSED,False
533,171,2,2025-09-07T00:00:00,ACTIVE,2,True,2,,,False
534,171,1,2025-09-03T00:00:00,DROPPED,2,False,2,,,False
535,172,43,2025-09-14T00:00:00,DROPPED,2,False,2,,,False
536,172,42,2025-09-15T00:00:00,COMPLETED,2,False,2,73.7,PASSED,False
537,172,44,2025-09-18T00:00:00,ACTIVE,2,True,2,,,False
538,172,41,2025-09-23T00:00:00,COMPLETED,2,False,2,31.3,FAILED,False
539,173,50,2025-09-22T00:00:00,ACTIVE,2,True,1,,,False
540,173,49,2025-09-24T00:00:00,ACTIVE,2,True,1,,,False
541,173,48,2025-09-09T00:00:00,ACTIVE,2,True,1,,,False
542,174,41,2025-09-15T00:00:00,ACTIVE,3,True,2,,,False
543,174,43,2025-09-22T00:00:00,FAILED,3,False,2,40.5,FAILED,False
544,174,44,2025-09-14T00:00:00,COMPLETED,3,False,2,89.1,PASSED,False
545,174,42,2025-09-03T00:00:00,COMPLETED,3,False,2,88.1,PASSED,False
546,175,37,2025-09-08T00:00:00,ACTIVE,1,True,1,,,False
547,175,40,2025-09-07T00:00:00,ACTIVE,1,True,1,,,False
548,175,36,2025-09-26T00:00:00,ACTIVE,1,True,1,,,False
549,175,38,2025-09-15T00:00:00,DROPPED,1,False,1,,,False
550,175,35,2025-09-14T00:00:00,ACTIVE,1,True,1,,,False
551,175,39,2025-09-07T00:00:00,FAILED,1,False,1,93.4,FAILED,False
552,176,35,2025-09-18T00:00:00,ACTIVE,3,True,2,,,False
553,176,37,2025-09-28T00:00:00,ACTIVE,3,True,2,,,False
554,176,39,2025-09-26T00:00:00,COMPLETED,3,False,2,80.6,PASSED,True
555,176,38,2025-09-28T00:00:00,ACTIVE,3,True,2,,,False
556,177,20,2025-09-24T00:00:00,FAILED,2,False,1,96.0,FAILED,False
557,177,5,2025-09-19T00:00:00,FAILED,2,False,1,46.5,FAILED,False
558,177,21,2025-09-30T00:00:00,ACTIVE,2,True,1,,,False
559,177,39,2025-09-22T00:00:00,ACTIVE,2,True,1,,,False
560,178,32,2025-09-25T00:00:00,ACTIVE,2,True,2,,,False
561,178,29,2025-09-19T00:00:00,FAILED,2,False,2,53.1,FAILED,False
562,178,30,2025-09-26T00:00:00,ACTIVE,2,True,2,,,False
563,178,31,2025-09-14T00:00:00,COMPLETED,2,False,2,46.5,FAILED,False
564,178,33,2025-09-07T00:00:00,COMPLETED,2,False,2,37.5,FAILED,False
565,179,28,2025-09-23T00:00:00,COMPLETED,2,False,1,67.3,PASSED,False
566,179,26,2025-09-11T00:00:00,ACTIVE,2,True,1,,,False
567,179,25,2025-09-08T00:00:00,COMPLETED,2,False,1,63.2,PASSED,False
568,179,27,2025-09-30T00:00:00,FAILED,2,False,1,91.6,FAILED,False
569,180,31,2025-09-23T00:00:00,ACTIVE,4,True,2,,,False
570,180,24,2025-09-22T00:00:00,ACTIVE,4,True,2,,,False
571,180,20,2025-09-18T00:00:00,DROPPED,4,False,2,,,False
572,181,40,2025-09-01T00:00:00,ACTIVE,2,True,2,,,False
573,181,35,2025-09-30T00:00:00,FAILED,2,False,2,57.5,FAILED,False
574,181,36,2025-09-03T00:00:00,ACTIVE,2,True,2,,,False
575,181,38,2025-09-25T00:00:00,ACTIVE,2,True,2,,,False
576,181,37,2025-09-29T00:00:00,FAILED,2,False,2,44.7,FAILED,False
577,182,50,2025-09-26T00:00:00,ACTIVE,1,True,1,,,False
578,182,49,2025-09-28T00:00:00,ACTIVE,1,True,1,,,False
579,182,48,2025-09-25T00:00:00,ACTIVE,1,True,1,,,False
580,183,4,2025-09-27T00:00:00,ACTIVE,5,True,2,,,False
581,183,2,2025-09-09T00:00:00,ACTIVE,5,True,2,,,False
582,183,3,2025-09-12T00:00:00,ACTIVE,5,True,2,,,False
583,183,1,2025-09-24T00:00:00,DROPPED,5,False,2,,,False
584,185,16,2025-09-21T00:00:00,ACTIVE,2,True,2,,,False
585,185,17,2025-09-26T00:00:00,COMPLETED,2,False,2,74.1,PASSED,False
586,185,18,2025-09-01T00:00:00,ACTIVE,2,True,2,,,False
587,185,14,2025-09-11T00:00:00,COMPLETED,2,False,2,74.0,PASSED,False
588,185,15,2025-09-04T00:00:00,ACTIVE,2,True,2,,,False
589,186,42,2025-09-16T00:00:00,DROPPED,2,False,1,,,False
590,186,46,2025-09-05T00:00:00,ACTIVE,2,True,1,,,False
591,186,50,2025-09-22T00:00:00,ACTIVE,2,True,1,,,False
592,187,49,2025-09-14T00:00:00,ACTIVE,1,True,2,,,False
593,187,48,2025-09-13T00:00:00,ACTIVE,1,True,2,,,False
594,187,50,2025-09-27T00:00:00,ACTIVE,1,True,2,,,False
595,188,35,2025-09-15T00:00:00,ACTIVE,3,True,1,,,False
596,188,40,2025-09-06T00:00:00,COMPLETED,3,False,1,79.1,PASSED,False
597,188,36,2025-09-20T00:00:00,ACTIVE,3,True,1,,,False
598,188,39,2025-09-09T00:00:00,ACTIVE,3,True,1,,,False
599,189,5,2025-09-14T00:00:00,COMPLETED,3,False,2,80.3,PASSED,False
600,189,7,2025-09-27T00:00:00,COMPLETED,3,False,2,95.0,PASSED,False
601,189,6,2025-09-04T00:00:00,ACTIVE,3,True,2,,,False
602,190,5,2025-09-24T00:00:00,ACTIVE,4,True,2,,,False
603,190,6,2025-09-05T00:00:00,ACTIVE,4,True,2,,,False
604,190,7,2025-09-07T00:00:00,COMPLETED,4,False,2,44.5,FAILED,False
605,191,15,2025-09-01T00:00:00,COMPLETED,3,False,2,85.5,PASSED,False
606,191,17,2025-09-09T00:00:00,ACTIVE,3,True,2,,,False
607,191,14,2025-09-08T00:00:00,COMPLETED,3,False,2,61.6,PASSED,False
608,191,18,2025-09-15T00:00:00,COMPLETED,3,False,2,77.9,PASSED,False
609,192,20,2025-09-23T00:00:00,ACTIVE,2,True,2,,,False
610,192,21,2025-09-03T00:00:00,FAILED,2,False,2,71.8,FAILED,False
611,192,22,2025-09-02T00:00:00,ACTIVE,2,True,2,,,False
612,192,23,2025-09-30T00:00:00,ACTIVE,2,True,2,,,False
613,192,19,2025-09-30T00:00:00,ACTIVE,2,True,2,,,False
614,192,24,2025-09-20T00:00:00,ACTIVE,2,True,2,,,False
615,193,25,2025-09-10T00:00:00,ACTIVE,3,True,2,,,False
616,193,26,2025-09-05T00:00:00,FAILED,3,False,2,77.0,FAILED,False
617,193,27,2025-09-18T00:00:00,ACTIVE,3,True,2,,,False
618,194,27,2025-09-30T00:00:00,ACTIVE,5,True,1,,,False
619,194,25,2025-09-15T00:00:00,ACTIVE,5,True,1,,,False
620,194,26,2025-09-17T00:00:00,FAILED,5,False,1,52.2,FAILED,False
621,195,45,2025-09-05T00:00:00,ACTIVE,2,True,2,,,False
622,195,46,2025-09-27T00:00:00,ACTIVE,2,True,2,,,False
623,195,47,2025-09-12T00:00:00,ACTIVE,2,True,2,,,False
624,196,31,2025-09-14T00:00:00,ACTIVE,3,True,1,,,False
625,196,33,2025-09-11T00:00:00,DROPPED,3,False,1,,,False
626,196,34,2025-09-16T00:00:00,DROPPED,3,False,1,,,False
627,196,32,2025-09-05T00:00:00,ACTIVE,3,True,1,,,False
628,196,30,2025-09-30T00:00:00,DROPPED,3,False,1,,,False
629,197,19,2025-09-09T00:00:00,COMPLETED,1,False,2,32.5,FAILED,False
630,197,20,2025-09-04T00:00:00,FAILED,1,False,2,62.7,FAILED,False
631,197,23,2025-09-30T00:00:00,ACTIVE,1,True,2,,,False
632,197,24,2025-09-15T00:00:00,ACTIVE,1,True,2,,,False
633,197,21,2025-09-23T00:00:00,ACTIVE,1,True,2,,,False
634,197,22,2025-09-04T00:00:00,COMPLETED,1,False,2,62.0,PASSED,False
635,199,25,2025-09-07T00:00:00,ACTIVE,4,True,1,,,False
636,199,26,2025-09-06T00:00:00,ACTIVE,4,True,1,,,False
637,199,28,2025-09-24T00:00:00,ACTIVE,4,True,1,,,False
638,200,39,2025-09-19T00:00:00,COMPLETED,3,False,2,66.8,PASSED,False
639,200,40,2025-09-30T00:00:00,ACTIVE,3,True,2,,,False
640,200,36,2025-09-22T00:00:00,COMPLETED,3,False,2,83.8,PASSED,False
641,200,37,2025-09-11T00:00:00,DROPPED,3,False,2,,,False
642,200,35,2025-09-22T00:00:00,ACTIVE,3,True,2,,,False
643,202,4,2025-09-05T00:00:00,COMPLETED,3,False,1,88.6,PASSED,False
644,202,2,2025-09-15T00:00:00,ACTIVE,3,True,1,,,False
645,202,1,2025-09-15T00:00:00,FAILED,3,False,1,76.2,FAILED,False
646,204,18,2025-09-21T00:00:00,ACTIVE,5,True,1,,,False
647,204,14,2025-09-24T00:00:00,COMPLETED,5,False,1,61.7,PASSED,False
648,204,15,2025-09-26T00:00:00,COMPLETED,5,False,1,93.5,PASSED,False
649,204,17,2025-09-02T00:00:00,FAILED,5,False,1,44.8,FAILED,False
650,207,3,2025-09-09T00:00:00,COMPLETED,1,False,1,36.5,FAILED,False
651,207,1,2025-09-25T00:00:00,ACTIVE,1,True,1,,,False
652,207,4,2025-09-28T00:00:00,COMPLETED,1,False,1,36.2,FAILED,False
653,207,2,2025-09-13T00:00:00,FAILED,1,False,1,57.2,FAILED,False
654,208,41,2025-09-26T00:00:00,ACTIVE,4,True,1,,,False
655,208,42,2025-09-26T00:00:00,ACTIVE,4,True,1,,,False
656,208,43,2025-09-20T00:00:00,FAILED,4,False,1,93.3,FAILED,False
657,209,14,2025-09-13T00:00:00,COMPLETED,4,False,1,61.2,PASSED,False
658,209,16,2025-09-14T00:00:00,COMPLETED,4,False,1,69.4,PASSED,False
659,209,17,2025-09-14T00:00:00,ACTIVE,4,True,1,,,False
660,209,18,2025-09-14T00:00:00,COMPLETED,4,False,1,73.0,PASSED,False
661,209,15,2025-09-03T00:00:00,ACTIVE,4,True,1,,,False
662,210,11,2025-09-14T00:00:00,COMPLETED,3,False,2,50.3,FAILED,False
663,210,9,2025-09-26T00:00:00,ACTIVE,3,True,2,,,False
664,210,12,2025-09-05T00:00:00,COMPLETED,3,False,2,40.4,FAILED,False
665,210,13,2025-09-10T00:00:00,DROPPED,3,False,2,,,False
666,210,8,2025-09-17T00:00:00,ACTIVE,3,True,2,,,False
667,211,7,2025-09-17T00:00:00,DROPPED,3,False,2,,,False
668,211,5,2025-09-14T00:00:00,ACTIVE,3,True,2,,,False
669,211,6,2025-09-24T00:00:00,FAILED,3,False,2,62.5,FAILED,False
670,212,21,2025-09-22T00:00:00,COMPLETED,1,False,2,38.0,FAILED,False
671,212,24,2025-09-26T00:00:00,ACTIVE,1,True,2,,,False
672,212,19,2025-09-03T00:00:00,COMPLETED,1,False,2,57.5,FAILED,False
673,212,23,2025-09-11T00:00:00,FAILED,1,False,2,79.3,FAILED,False
674,212,22,2025-09-15T00:00:00,ACTIVE,1,True,2,,,False
675,213,50,2025-09-30T00:00:00,ACTIVE,2,True,1,,,False
676,213,49,2025-09-06T00:00:00,COMPLETED,2,False,1,43.1,FAILED,False
677,213,48,2025-09-09T00:00:00,COMPLETED,2,False,1,98.8,PASSED,False
678,215,11,2025-09-04T00:00:00,COMPLETED,1,False,2,30.4,FAILED,True
679,215,12,2025-09-15T00:00:00,COMPLETED,1,False,2,75.9,PASSED,False
680,215,8,2025-09-28T00:00:00,ACTIVE,1,True,2,,,False
681,216,47,2025-09-05T00:00:00,COMPLETED,4,False,2,36.1,FAILED,True
682,216,32,2025-09-04T00:00:00,ACTIVE,4,True,2,,,False
683,216,39,2025-09-23T00:00:00,ACTIVE,4,True,2,,,False
684,216,48,2025-09-28T00:00:00,ACTIVE,4,True,2,,,False
685,217,15,2025-09-03T00:00:00,ACTIVE,4,True,1,,,False
686,217,18,2025-09-15T00:00:00,ACTIVE,4,True,1,,,False
687,217,17,2025-09-14T00:00:00,ACTIVE,4,True,1,,,False
688,217,14,2025-09-05T00:00:00,COMPLETED,4,False,1,41.6,FAILED,False
689,218,17,2025-09-19T00:00:00,ACTIVE,6,True,2,,,False
690,218,18,2025-09-10T00:00:00,ACTIVE,6,True,2,,,False
691,218,14,2025-09-27T00:00:00,ACTIVE,6,True,2,,,False
692,218,15,2025-09-11T00:00:00,ACTIVE,6,True,2,,,True
693,219,46,2025-09-02T00:00:00,ACTIVE,3,True,2,,,False
694,219,47,2025-09-16T00:00:00,ACTIVE,3,True,2,,,False
695,219,45,2025-09-30T00:00:00,COMPLETED,3,False,2,80.7,PASSED,False
696,220,30,2025-09-21T00:00:00,COMPLETED,1,False,1,48.7,FAILED,False
697,220,29,2025-09-16T00:00:00,COMPLETED,1,False,1,63.1,PASSED,False
698,220,33,2025-09-21T00:00:00,ACTIVE,1,True,1,,,False
699,220,34,2025-09-23T00:00:00,ACTIVE,1,True,1,,,False
700,220,31,2025-09-24T00:00:00,FAILED,1,False,1,41.3,FAILED,False
701,220,32,2025-09-12T00:00:00,ACTIVE,1,True,1,,,False
702,222,43,2025-09-05T00:00:00,ACTIVE,3,True,2,,,False
703,222,44,2025-09-24T00:00:00,ACTIVE,3,True,2,,,False
704,222,42,2025-09-14T00:00:00,ACTIVE,3,True,2,,,False
705,224,11,2025-09-22T00:00:00,ACTIVE,5,True,1,,,False
706,224,9,2025-09-06T00:00:00,ACTIVE,5,True,1,,,False
707,224,12,2025-09-20T00:00:00,ACTIVE,5,True,1,,,False
708,224,13,2025-09-26T00:00:00,ACTIVE,5,True,1,,,False
709,224,8,2025-09-10T00:00:00,COMPLETED,5,False,1,99.6,PASSED,False
710,225,1,2025-09-06T00:00:00,COMPLETED,4,False,2,55.0,FAILED,False
711,225,2,2025-09-17T00:00:00,COMPLETED,4,False,2,90.2,PASSED,False
712,225,3,2025-09-14T00:00:00,COMPLETED,4,False,2,34.5,FAILED,False
713,226,48,2025-09-09T00:00:00,DROPPED,2,False,1,,,False
714,226,50,2025-09-26T00:00:00,ACTIVE,2,True,1,,,False
715,226,49,2025-09-02T00:00:00,ACTIVE,2,True,1,,,False
716,228,36,2025-09-27T00:00:00,ACTIVE,2,True,1,,,False
717,228,18,2025-09-26T00:00:00,COMPLETED,2,False,1,98.2,PASSED,False
718,228,10,2025-09-04T00:00:00,FAILED,2,False,1,84.8,FAILED,False
719,229,50,2025-09-21T00:00:00,ACTIVE,2,True,1,,,False
720,229,48,2025-09-12T00:00:00,FAILED,2,False,1,44.4,FAILED,False
721,229,49,2025-09-10T00:00:00,ACTIVE,2,True,1,,,False
722,230,47,2025-09-11T00:00:00,FAILED,4,False,1,75.3,FAILED,False
723,230,45,2025-09-04T00:00:00,ACTIVE,4,True,1,,,False
724,230,46,2025-09-15T00:00:00,ACTIVE,4,True,1,,,False
725,231,20,2025-09-10T00:00:00,ACTIVE,6,True,2,,,False
726,231,22,2025-09-03T00:00:00,ACTIVE,6,True,2,,,False
727,231,21,2025-09-23T00:00:00,ACTIVE,6,True,2,,,False
728,232,42,2025-09-05T00:00:00,ACTIVE,2,True,1,,,False
729,232,41,2025-09-14T00:00:00,COMPLETED,2,False,1,58.9,FAILED,False
730,232,44,2025-09-28T00:00:00,ACTIVE,2,True,1,,,False
731,232,43,2025-09-22T00:00:00,ACTIVE,2,True,1,,,False
732,233,6,2025-09-17T00:00:00,COMPLETED,5,False,1,80.2,PASSED,False
733,233,5,2025-09-11T00:00:00,COMPLETED,5,False,1,35.9,FAILED,False
734,233,7,2025-09-25T00:00:00,ACTIVE,5,True,1,,,False
735,234,6,2025-09-29T00:00:00,ACTIVE,1,True,1,,,False
736,234,5,2025-09-21T00:00:00,ACTIVE,1,True,1,,,False
737,234,7,2025-09-26T00:00:00,ACTIVE,1,True,1,,,False
738,239,4,2025-09-01T00:00:00,COMPLETED,3,False,2,93.6,PASSED,False
739,239,2,2025-09-29T00:00:00,ACTIVE,3,True,2,,,False
740,239,3,2025-09-30T00:00:00,ACTIVE,3,True,2,,,False
741,239,1,2025-09-21T00:00:00,COMPLETED,3,False,2,58.3,FAILED,False
742,240,27,2025-09-29T00:00:00,ACTIVE,1,True,1,,,False
743,240,28,2025-09-02T00:00:00,ACTIVE,1,True,1,,,False
744,240,26,2025-09-13T00:00:00,ACTIVE,1,True,1,,,False
745,240,25,2025-09-24T00:00:00,DROPPED,1,False,1,,,False
746,241,2,2025-09-25T00:00:00,ACTIVE,1,True,1,,,False
747,241,1,2025-09-29T00:00:00,COMPLETED,1,False,1,31.6,FAILED,False
748,241,4,2025-09-19T00:00:00,ACTIVE,1,True,1,,,False
749,241,3,2025-09-27T00:00:00,ACTIVE,1,True,1,,,False
750,242,33,2025-09-25T00:00:00,COMPLETED,3,False,1,38.7,FAILED,False
751,242,29,2025-09-04T00:00:00,DROPPED,3,False,1,,,False
752,242,34,2025-09-01T00:00:00,COMPLETED,3,False,1,70.1,PASSED,False
753,242,30,2025-09-26T00:00:00,COMPLETED,3,False,1,98.8,PASSED,False
754,242,31,2025-09-23T00:00:00,FAILED,3,False,1,70.7,FAILED,False
755,242,32,2025-09-21T00:00:00,ACTIVE,3,True,1,,,False
756,244,21,2025-09-26T00:00:00,ACTIVE,5,True,2,,,False
757,244,24,2025-09-05T00:00:00,COMPLETED,5,False,2,70.1,PASSED,False
758,244,23,2025-09-17T00:00:00,ACTIVE,5,True,2,,,False
759,244,22,2025-09-17T00:00:00,COMPLETED,5,False,2,37.4,FAILED,False
760,246,7,2025-09-14T00:00:00,FAILED,3,False,2,36.5,FAILED,False
761,246,24,2025-09-16T00:00:00,ACTIVE,3,True,2,,,False
762,246,50,2025-09-03T00:00:00,ACTIVE,3,True,2,,,False
763,247,44,2025-09-23T00:00:00,COMPLETED,4,False,1,99.8,PASSED,False
764,247,42,2025-09-16T00:00:00,ACTIVE,4,True,1,,,False
765,247,43,2025-09-06T00:00:00,COMPLETED,4,False,1,59.2,FAILED,False
766,247,41,2025-09-05T00:00:00,ACTIVE,4,True,1,,,False
767,248,45,2025-09-02T00:00:00,COMPLETED,1,False,2,61.9,PASSED,False
768,248,47,2025-09-18T00:00:00,ACTIVE,1,True,2,,,False
769,248,46,2025-09-20T00:00:00,COMPLETED,1,False,2,96.6,PASSED,False
770,249,14,2025-09-10T00:00:00,ACTIVE,1,True,1,,,False
771,249,16,2025-09-05T00:00:00,ACTIVE,1,True,1,,,False
772,249,17,2025-09-10T00:00:00,ACTIVE,1,True,1,,,False
773,251,3,2025-09-19T00:00:00,COMPLETED,2,False,1,39.9,FAILED,False
774,251,2,2025-09-10T00:00:00,FAILED,2,False,1,95.6,FAILED,False
775,251,1,2025-09-07T00:00:00,ACTIVE,2,True,1,,,False
776,251,4,2025-09-24T00:00:00,ACTIVE,2,True,1,,,False
777,252,12,2025-09-28T00:00:00,ACTIVE,1,True,1,,,False
778,252,10,2025-09-10T00:00:00,COMPLETED,1,False,1,63.7,PASSED,False
779,252,8,2025-09-26T00:00:00,COMPLETED,1,False,1,93.0,PASSED,False
780,253,18,2025-09-22T00:00:00,ACTIVE,2,True,1,,,False
781,253,15,2025-09-28T00:00:00,ACTIVE,2,True,1,,,False
782,253,14,2025-09-03T00:00:00,ACTIVE,2,True,1,,,False
783,253,17,2025-09-22T00:00:00,ACTIVE,2,True,1,,,False
784,253,16,2025-09-13T00:00:00,ACTIVE,2,True,1,,,False
785,255,3,2025-09-24T00:00:00,DROPPED,4,False,1,,,False
786,255,4,2025-09-03T00:00:00,ACTIVE,4,True,1,,,False
787,255,1,2025-09-19T00:00:00,COMPLETED,4,False,1,79.5,PASSED,False
788,255,2,2025-09-25T00:00:00,ACTIVE,4,True,1,,,False
789,256,47,2025-09-20T00:00:00,ACTIVE,2,True,2,,,False
790,256,45,2025-09-19T00:00:00,COMPLETED,2,False,2,83.0,PASSED,False
791,256,46,2025-09-17T00:00:00,COMPLETED,2,False,2,82.5,PASSED,False
792,257,50,2025-09-09T00:00:00,DROPPED,2,False,2,,,False
793,257,48,2025-09-08T00:00:00,ACTIVE,2,True,2,,,False
794,257,49,2025-09-27T00:00:00,ACTIVE,2,True,2,,,False
795,258,25,2025-09-16T00:00:00,COMPLETED,4,False,1,71.2,PASSED,False
796,258,27,2025-09-01T00:00:00,ACTIVE,4,True,1,,,False
797,258,26,2025-09-06T00:00:00,ACTIVE,4,True,1,,,False
798,258,28,2025-09-28T00:00:00,ACTIVE,4,True,1,,,False
799,259,16,2025-09-18T00:00:00,ACTIVE,2,True,1,,,False
800,259,14,2025-09-09T00:00:00,FAILED,2,False,1,40.1,FAILED,False
801,259,17,2025-09-05T00:00:00,ACTIVE,2,True,1,,,False
802,259,18,2025-09-14T00:00:00,ACTIVE,2,True,1,,,False
803,260,18,2025-09-01T00:00:00,ACTIVE,5,True,1,,,False
804,260,16,2025-09-10T00:00:00,ACTIVE,5,True,1,,,False
805,260,14,2025-09-11T00:00:00,ACTIVE,5,True,1,,,False
806,261,43,2025-09-07T00:00:00,ACTIVE,3,True,1,,,False
807,261,42,2025-09-20T00:00:00,ACTIVE,3,True,1,,,False
808,261,41,2025-09-25T00:00:00,COMPLETED,3,False,1,64.5,PASSED,False
809,261,44,2025-09-04T00:00:00,ACTIVE,3,True,1,,,False
810,262,17,2025-09-01T00:00:00,ACTIVE,2,True,1,,,False
811,262,18,2025-09-29T00:00:00,FAILED,2,False,1,46.4,FAILED,True
812,262,14,2025-09-19T00:00:00,COMPLETED,2,False,1,68.8,PASSED,False
813,262,15,2025-09-08T00:00:00,ACTIVE,2,True,1,,,False
814,263,27,2025-09-15T00:00:00,ACTIVE,1,True,1,,,False
815,263,28,2025-09-21T00:00:00,ACTIVE,1,True,1,,,False
816,263,26,2025-09-05T00:00:00,COMPLETED,1,False,1,84.8,PASSED,False
817,264,48,2025-09-02T00:00:00,DROPPED,3,False,1,,,True
818,264,49,2025-09-27T00:00:00,COMPLETED,3,False,1,62.5,PASSED,False
819,264,50,2025-09-21T00:00:00,ACTIVE,3,True,1,,,False
820,265,8,2025-09-27T00:00:00,COMPLETED,2,False,1,71.9,PASSED,False
821,265,11,2025-09-12T00:00:00,ACTIVE,2,True,1,,,False
822,265,10,2025-09-07T00:00:00,ACTIVE,2,True,1,,,False
823,267,35,2025-09-13T00:00:00,ACTIVE,1,True,2,,,False
824,267,36,2025-09-27T00:00:00,DROPPED,1,False,2,,,False
825,267,40,2025-09-18T00:00:00,ACTIVE,1,True,2,,,False
826,267,39,2025-09-07T00:00:00,COMPLETED,1,False,2,91.5,PASSED,False
827,267,38,2025-09-26T00:00:00,ACTIVE,1,True,2,,,False
828,269,40,2025-09-22T00:00:00,ACTIVE,1,True,2,,,False
829,269,37,2025-09-11T00:00:00,ACTIVE,1,True,2,,,False
830,269,38,2025-09-20T00:00:00,ACTIVE,1,True,2,,,False
831,269,36,2025-09-05T00:00:00,COMPLETED,1,False,2,94.0,PASSED,False
832,269,35,2025-09-01T00:00:00,ACTIVE,1,True,2,,,False
833,270,27,2025-09-29T00:00:00,COMPLETED,1,False,2,67.7,PASSED,False
834,270,12,2025-09-22T00:00:00,COMPLETED,1,False,2,77.0,PASSED,False
835,270,1,2025-09-13T00:00:00,FAILED,1,False,2,98.0,FAILED,False
836,270,44,2025-09-12T00:00:00,ACTIVE,1,True,2,,,False
837,271,1,2025-09-30T00:00:00,ACTIVE,1,True,2,,,False
838,271,2,2025-09-01T00:00:00,ACTIVE,1,True,2,,,False
839,271,3,2025-09-01T00:00:00,DROPPED,1,False,2,,,False
840,272,45,2025-09-08T00:00:00,FAILED,4,False,1,86.6,FAILED,False
841,272,47,2025-09-16T00:00:00,ACTIVE,4,True,1,,,False
842,272,46,2025-09-16T00:00:00,COMPLETED,4,False,1,32.6,FAILED,False
843,273,18,2025-09-04T00:00:00,ACTIVE,2,True,2,,,False
844,273,15,2025-09-16T00:00:00,COMPLETED,2,False,2,69.8,PASSED,False
845,273,14,2025-09-07T00:00:00,ACTIVE,2,True,2,,,False
846,273,16,2025-09-22T00:00:00,COMPLETED,2,False,2,69.6,PASSED,False
847,273,17,2025-09-06T00:00:00,ACTIVE,2,True,2,,,False
848,274,34,2025-09-28T00:00:00,COMPLETED,2,False,2,95.3,PASSED,False
849,274,29,2025-09-26T00:00:00,COMPLETED,2,False,2,66.6,PASSED,False
850,274,30,2025-09-01T00:00:00,COMPLETED,2,False,2,89.3,PASSED,False
851,274,32,2025-09-23T00:00:00,ACTIVE,2,True,2,,,False
852,275,47,2025-09-14T00:00:00,ACTIVE,1,True,1,,,False
853,275,46,2025-09-21T00:00:00,ACTIVE,1,True,1,,,False
854,275,45,2025-09-11T00:00:00,ACTIVE,1,True,1,,,False
855,276,43,2025-09-12T00:00:00,ACTIVE,1,True,2,,,False
856,276,41,2025-09-24T00:00:00,FAILED,1,False,2,33.0,FAILED,False
857,276,42,2025-09-09T00:00:00,ACTIVE,1,True,2,,,False
858,276,44,2025-09-18T00:00:00,ACTIVE,1,True,2,,,False
859,277,44,2025-09-03T00:00:00,ACTIVE,2,True,1,,,False
860,277,41,2025-09-26T00:00:00,ACTIVE,2,True,1,,,False
861,277,42,2025-09-23T00:00:00,COMPLETED,2,False,1,81.6,PASSED,False
862,278,48,2025-09-11T00:00:00,ACTIVE,2,True,1,,,False
863,278,50,2025-09-04T00:00:00,FAILED,2,False,1,73.8,FAILED,False
864,278,49,2025-09-14T00:00:00,ACTIVE,2,True,1,,,False
865,279,43,2025-09-08T00:00:00,DROPPED,4,False,2,,,False
866,279,41,2025-09-27T00:00:00,FAILED,4,False,2,88.3,FAILED,False
867,279,44,2025-09-26T00:00:00,ACTIVE,4,True,2,,,False
868,279,42,2025-09-20T00:00:00,FAILED,4,False,2,35.1,FAILED,False
869,280,7,2025-09-03T00:00:00,ACTIVE,1,True,2,,,False
870,280,6,2025-09-13T00:00:00,COMPLETED,1,False,2,94.2,PASSED,False
871,280,5,2025-09-28T00:00:00,ACTIVE,1,True,2,,,False
872,281,1,2025-09-21T00:00:00,FAILED,2,False,2,51.1,FAILED,False
873,281,2,2025-09-02T00:00:00,FAILED,2,False,2,37.1,FAILED,False
874,281,4,2025-09-13T00:00:00,COMPLETED,2,False,2,50.6,FAILED,False
875,282,15,2025-09-29T00:00:00,COMPLETED,4,False,2,85.7,PASSED,False
876,282,49,2025-09-04T00:00:00,ACTIVE,4,True,2,,,False
877,282,27,2025-09-22T00:00:00,ACTIVE,4,True,2,,,False
878,283,12,2025-09-20T00:00:00,ACTIVE,3,True,2,,,False
879,283,10,2025-09-19T00:00:00,ACTIVE,3,True,2,,,False
880,283,9,2025-09-19T00:00:00,COMPLETED,3,False,2,43.6,FAILED,False
881,283,8,2025-09-17T00:00:00,ACTIVE,3,True,2,,,False
882,283,13,2025-09-14T00:00:00,DROPPED,3,False,2,,,False
883,283,11,2025-09-06T00:00:00,COMPLETED,3,False,2,73.5,PASSED,False
884,284,9,2025-09-20T00:00:00,COMPLETED,4,False,1,62.9,PASSED,False
885,284,4,2025-09-12T00:00:00,ACTIVE,4,True,1,,,False
886,284,3,2025-09-22T00:00:00,FAILED,4,False,1,66.2,FAILED,False
887,284,20,2025-09-17T00:00:00,FAILED,4,False,1,34.0,FAILED,False
888,286,28,2025-09-07T00:00:00,ACTIVE,4,True,1,,,False
889,286,26,2025-09-03T00:00:00,COMPLETED,4,False,1,44.1,FAILED,False
890,286,25,2025-09-23T00:00:00,COMPLETED,4,False,1,76.8,PASSED,False
891,287,43,2025-09-14T00:00:00,ACTIVE,3,True,1,,,False
892,287,44,2025-09-04T00:00:00,ACTIVE,3,True,1,,,False
893,287,42,2025-09-26T00:00:00,ACTIVE,3,True,1,,,False
894,287,41,2025-09-16T00:00:00,ACTIVE,3,True,1,,,False
895,290,40,2025-09-15T00:00:00,ACTIVE,3,True,1,,,False
896,290,36,2025-09-08T00:00:00,ACTIVE,3,True,1,,,False
897,290,39,2025-09-25T00:00:00,ACTIVE,3,True,1,,,False
898,292,17,2025-09-27T00:00:00,ACTIVE,2,True,2,,,False
899,292,15,2025-09-12T00:00:00,DROPPED,2,False,2,,,True
900,292,18,2025-09-12T00:00:00,ACTIVE,2,True,2,,,False
901,292,14,2025-09-04T00:00:00,DROPPED,2,False,2,,,False
902,293,20,2025-09-07T00:00:00,ACTIVE,3,True,1,,,False
903,293,23,2025-09-08T00:00:00,ACTIVE,3,True,1,,,False
904,293,21,2025-09-24T00:00:00,ACTIVE,3,True,1,,,False
905,293,19,2025-09-28T00:00:00,ACTIVE,3,True,1,,,False
906,293,22,2025-09-06T00:00:00,ACTIVE,3,True,1,,,False
907,293,24,2025-09-09T00:00:00,COMPLETED,3,False,1,42.3,FAILED,False
908,294,50,2025-09-21T00:00:00,ACTIVE,4,True,2,,,False
909,294,48,2025-09-30T00:00:00,COMPLETED,4,False,2,37.8,FAILED,False
910,294,49,2025-09-12T00:00:00,COMPLETED,4,False,2,61.9,PASSED,False
911,295,12,2025-09-03T00:00:00,ACTIVE,3,True,2,,,False
912,295,13,2025-09-29T00:00:00,ACTIVE,3,True,2,,,False
913,295,11,2025-09-07T00:00:00,COMPLETED,3,False,2,85.6,PASSED,False
914,295,10,2025-09-23T00:00:00,ACTIVE,3,True,2,,,False
915,296,26,2025-09-26T00:00:00,ACTIVE,3,True,2,,,False
916,296,25,2025-09-08T00:00:00,DROPPED,3,False,2,,,False
917,296,27,2025-09-26T00:00:00,ACTIVE,3,True,2,,,False
918,296,28,2025-09-17T00:00:00,COMPLETED,3,False,2,38.9,FAILED,False
919,297,5,2025-09-26T00:00:00,DROPPED,4,False,1,,,False
920,297,7,2025-09-03T00:00:00,ACTIVE,4,True,1,,,False
921,297,6,2025-09-13T00:00:00,ACTIVE,4,True,1,,,False
922,298,6,2025-09-11T00:00:00,ACTIVE,4,True,1,,,False
923,298,7,2025-09-17T00:00:00,ACTIVE,4,True,1,,,False
924,298,5,2025-09-23T00:00:00,ACTIVE,4,True,1,,,False
925,299,10,2025-09-07T00:00:00,COMPLETED,4,False,2,45.4,FAILED,False
926,299,12,2025-09-08T00:00:00,ACTIVE,4,True,2,,,False
927,299,11,2025-09-10T00:00:00,ACTIVE,4,True,2,,,False
928,299,13,2025-09-13T00:00:00,DROPPED,4,False,2,,,False
929,299,8,2025-09-12T00:00:00,COMPLETED,4,False,2,95.5,PASSED,False
930,299,9,2025-09-25T00:00:00,COMPLETED,4,False,2,35.9,FAILED,False
931,300,3,2025-09-17T00:00:00,ACTIVE,5,True,1,,,False
932,300,1,2025-09-15T00:00:00,COMPLETED,5,False,1,59.8,FAILED,False
933,300,4,2025-09-12T00:00:00,ACTIVE,5,True,1,,,False
934,300,2,2025-09-11T00:00:00,ACTIVE,5,True,1,,,False
935,301,9,2025-09-09T00:00:00,ACTIVE,1,True,1,,,False
936,301,11,2025-09-03T00:00:00,FAILED,1,False,1,55.1,FAILED,False
937,301,13,2025-09-17T00:00:00,ACTIVE,1,True,1,,,False
938,302,43,2025-09-04T00:00:00,ACTIVE,3,True,2,,,False
939,302,41,2025-09-02T00:00:00,ACTIVE,3,True,2,,,False
940,302,44,2025-09-11T00:00:00,ACTIVE,3,True,2,,,False
941,303,17,2025-09-10T00:00:00,COMPLETED,2,False,1,30.6,FAILED,False
942,303,20,2025-09-13T00:00:00,COMPLETED,2,False,1,54.3,FAILED,False
943,303,22,2025-09-25T00:00:00,COMPLETED,2,False,1,87.5,PASSED,False
944,303,48,2025-09-16T00:00:00,ACTIVE,2,True,1,,,False
945,304,44,2025-09-24T00:00:00,ACTIVE,1,True,1,,,False
946,304,41,2025-09-16T00:00:00,ACTIVE,1,True,1,,,False
947,304,43,2025-09-19T00:00:00,ACTIVE,1,True,1,,,False
948,305,24,2025-09-14T00:00:00,ACTIVE,4,True,2,,,False
949,305,22,2025-09-07T00:00:00,COMPLETED,4,False,2,78.9,PASSED,False
950,305,21,2025-09-28T00:00:00,ACTIVE,4,True,2,,,False
951,305,19,2025-09-12T00:00:00,ACTIVE,4,True,2,,,False
952,305,20,2025-09-28T00:00:00,ACTIVE,4,True,2,,,False
953,305,23,2025-09-24T00:00:00,ACTIVE,4,True,2,,,True
954,306,31,2025-09-25T00:00:00,ACTIVE,1,True,1,,,False
955,306,30,2025-09-18T00:00:00,DROPPED,1,False,1,,,False
956,306,32,2025-09-19T00:00:00,COMPLETED,1,False,1,71.1,PASSED,False
957,306,33,2025-09-30T00:00:00,DROPPED,1,False,1,,,False
958,306,34,2025-09-11T00:00:00,ACTIVE,1,True,1,,,False
959,307,18,2025-09-03T00:00:00,ACTIVE,3,True,2,,,False
960,307,17,2025-09-07T00:00:00,ACTIVE,3,True,2,,,False
961,307,15,2025-09-11T00:00:00,ACTIVE,3,True,2,,,False
962,307,14,2025-09-29T00:00:00,COMPLETED,3,False,2,61.6,PASSED,False
963,307,16,2025-09-06T00:00:00,ACTIVE,3,True,2,,,False
964,309,35,2025-09-06T00:00:00,ACTIVE,3,True,1,,,False
965,309,39,2025-09-30T00:00:00,ACTIVE,3,True,1,,,False
966,309,38,2025-09-10T00:00:00,ACTIVE,3,True,1,,,False
967,309,40,2025-09-17T00:00:00,COMPLETED,3,False,1,50.4,FAILED,False
968,310,3,2025-09-06T00:00:00,ACTIVE,1,True,2,,,False
969,310,4,2025-09-30T00:00:00,ACTIVE,1,True,2,,,False
970,310,1,2025-09-06T00:00:00,ACTIVE,1,True,2,,,False
971,311,28,2025-09-13T00:00:00,ACTIVE,2,True,2,,,False
972,311,26,2025-09-05T00:00:00,COMPLETED,2,False,2,90.6,PASSED,False
973,311,25,2025-09-27T00:00:00,FAILED,2,False,2,51.7,FAILED,False
974,312,9,2025-09-09T00:00:00,DROPPED,1,False,2,,,False
975,312,12,2025-09-15T00:00:00,COMPLETED,1,False,2,99.4,PASSED,False
976,312,10,2025-09-13T00:00:00,ACTIVE,1,True,2,,,False
977,312,11,2025-09-11T00:00:00,COMPLETED,1,False,2,47.3,FAILED,False
978,312,8,2025-09-29T00:00:00,ACTIVE,1,True,2,,,False
979,312,13,2025-09-15T00:00:00,ACTIVE,1,True,2,,,False
980,313,3,2025-09-27T00:00:00,COMPLETED,2,False,2,54.3,FAILED,False
981,313,4,2025-09-10T00:00:00,ACTIVE,2,True,2,,,False
982,313,2,2025-09-28T00:00:00,FAILED,2,False,2,87.6,FAILED,False
983,314,47,2025-09-13T00:00:00,ACTIVE,2,True,1,,,False
984,314,12,2025-09-29T00:00:00,COMPLETED,2,False,1,33.1,FAILED,False
985,314,16,2025-09-21T00:00:00,COMPLETED,2,False,1,49.2,FAILED,False
986,314,40,2025-09-03T00:00:00,FAILED,2,False,1,76.7,FAILED,False
987,315,11,2025-09-04T00:00:00,COMPLETED,5,False,1,35.4,FAILED,False
988,315,13,2025-09-14T00:00:00,COMPLETED,5,False,1,84.6,PASSED,False
989,315,8,2025-09-09T00:00:00,ACTIVE,5,True,1,,,False
990,315,9,2025-09-02T00:00:00,ACTIVE,5,True,1,,,False
991,317,7,2025-09-11T00:00:00,ACTIVE,4,True,2,,,False
992,317,6,2025-09-13T00:00:00,COMPLETED,4,False,2,89.9,PASSED,False
993,317,5,2025-09-09T00:00:00,ACTIVE,4,True,2,,,False
994,318,6,2025-09-03T00:00:00,COMPLETED,4,False,1,62.3,PASSED,False
995,318,7,2025-09-08T00:00:00,ACTIVE,4,True,1,,,False
996,318,5,2025-09-15T00:00:00,ACTIVE,4,True,1,,,False
997,319,48,2025-09-06T00:00:00,COMPLETED,4,False,2,72.5,PASSED,False
998,319,50,2025-09-18T00:00:00,ACTIVE,4,True,2,,,False
999,319,49,2025-09-06T00:00:00,ACTIVE,4,True,2,,,False
1000,320,7,2025-09-15T00:00:00,ACTIVE,1,True,2,,,False
1001,320,6,2025-09-07T00:00:00,DROPPED,1,False,2,,,False
1002,320,5,2025-09-18T00:00:00,COMPLETED,1,False,2,92.5,PASSED,False
1003,321,13,2025-09-13T00:00:00,ACTIVE,4,True,2,,,False
1004,321,12,2025-09-15T00:00:00,ACTIVE,4,True,2,,,False
1005,321,8,2025-09-01T00:00:00,ACTIVE,4,True,2,,,False
1006,322,15,2025-09-01T00:00:00,COMPLETED,6,False,1,44.0,FAILED,False
1007,322,18,2025-09-11T00:00:00,COMPLETED,6,False,1,99.3,PASSED,False
1008,322,17,2025-09-22T00:00:00,ACTIVE,6,True,1,,,False
1009,322,14,2025-09-08T00:00:00,ACTIVE,6,True,1,,,False
1010,324,34,2025-09-02T00:00:00,ACTIVE,3,True,1,,,False
1011,324,30,2025-09-11T00:00:00,COMPLETED,3,False,1,37.5,FAILED,False
1012,324,33,2025-09-20T00:00:00,COMPLETED,3,False,1,73.9,PASSED,False
1013,325,11,2025-09-11T00:00:00,ACTIVE,4,True,2,,,False
1014,325,8,2025-09-13T00:00:00,ACTIVE,4,True,2,,,False
1015,325,9,2025-09-01T00:00:00,ACTIVE,4,True,2,,,False
1016,325,12,2025-09-15T00:00:00,DROPPED,4,False,2,,,False
1017,325,10,2025-09-22T00:00:00,ACTIVE,4,True,2,,,False
1018,325,13,2025-09-12T00:00:00,COMPLETED,4,False,2,75.5,PASSED,False
1019,326,14,2025-09-20T00:00:00,COMPLETED,3,False,1,97.1,PASSED,False
1020,326,20,2025-09-21T00:00:00,ACTIVE,3,True,1,,,False
1021,326,50,2025-09-22T00:00:00,ACTIVE,3,True,1,,,False
1022,326,27,2025-09-25T00:00:00,ACTIVE,3,True,1,,,False
1023,327,42,2025-09-01T00:00:00,COMPLETED,4,False,2,34.7,FAILED,False
1024,327,43,2025-09-13T00:00:00,COMPLETED,4,False,2,71.0,PASSED,False
1025,327,44,2025-09-17T00:00:00,COMPLETED,4,False,2,81.9,PASSED,False
1026,327,41,2025-09-01T00:00:00,ACTIVE,4,True,2,,,False
1027,328,3,2025-09-25T00:00:00,ACTIVE,1,True,2,,,False
1028,328,1,2025-09-03T00:00:00,DROPPED,1,False,2,,,False
1029,328,2,2025-09-10T00:00:00,COMPLETED,1,False,2,56.2,FAILED,False
1030,329,26,2025-09-30T00:00:00,ACTIVE,4,True,2,,,False
1031,329,27,2025-09-15T00:00:00,DROPPED,4,False,2,,,False
1032,329,25,2025-09-09T00:00:00,COMPLETED,4,False,2,53.0,FAILED,False
1033,329,28,2025-09-26T00:00:00,ACTIVE,4,True,2,,,False
1034,330,34,2025-09-18T00:00:00,COMPLETED,4,False,1,47.0,FAILED,False
1035,330,31,2025-09-08T00:00:00,COMPLETED,4,False,1,94.2,PASSED,False
1036,330,29,2025-09-08T00:00:00,COMPLETED,4,False,1,78.7,PASSED,False
1037,330,32,2025-09-13T00:00:00,ACTIVE,4,True,1,,,False
1038,330,30,2025-09-06T00:00:00,ACTIVE,4,True,1,,,False
1039,330,33,2025-09-28T00:00:00,FAILED,4,False,1,30.4,FAILED,False
1040,332,29,2025-09-03T00:00:00,ACTIVE,1,True,1,,,False
1041,332,30,2025-09-18T00:00:00,ACTIVE,1,True,1,,,False
1042,332,33,2025-09-30T00:00:00,ACTIVE,1,True,1,,,False
1043,332,34,2025-09-17T00:00:00,ACTIVE,1,True,1,,,False
1044,333,10,2025-09-10T00:00:00,COMPLETED,3,False,2,72.4,PASSED,False
1045,333,9,2025-09-21T00:00:00,FAILED,3,False,2,61.4,FAILED,False
1046,333,12,2025-09-28T00:00:00,ACTIVE,3,True,2,,,False
1047,333,8,2025-09-03T00:00:00,ACTIVE,3,True,2,,,False
1048,333,11,2025-09-12T00:00:00,ACTIVE,3,True,2,,,False
1049,333,13,2025-09-15T00:00:00,FAILED,3,False,2,41.7,FAILED,False
1050,334,17,2025-09-03T00:00:00,COMPLETED,2,False,2,59.9,FAILED,False
1051,334,15,2025-09-30T00:00:00,ACTIVE,2,True,2,,,False
1052,334,18,2025-09-18T00:00:00,COMPLETED,2,False,2,67.6,PASSED,False
1053,334,14,2025-09-15T00:00:00,FAILED,2,False,2,48.0,FAILED,False
1054,334,16,2025-09-18T00:00:00,COMPLETED,2,False,2,49.8,FAILED,False
1055,335,27,2025-09-30T00:00:00,FAILED,3,False,1,43.7,FAILED,False
1056,335,25,2025-09-01T00:00:00,ACTIVE,3,True,1,,,False
1057,335,26,2025-09-12T00:00:00,COMPLETED,3,False,1,81.1,PASSED,False
1058,337,44,2025-09-16T00:00:00,ACTIVE,3,True,1,,,False
1059,337,43,2025-09-03T00:00:00,COMPLETED,3,False,1,99.1,PASSED,False
1060,337,42,2025-09-30T00:00:00,COMPLETED,3,False,1,32.7,FAILED,False
1061,337,41,2025-09-06T00:00:00,COMPLETED,3,False,1,95.2,PASSED,False
1062,339,49,2025-09-30T00:00:00,COMPLETED,4,False,2,75.6,PASSED,False
1063,339,50,2025-09-08T00:00:00,ACTIVE,4,True,2,,,False
1064,339,17,2025-09-02T00:00:00,ACTIVE,4,True,2,,,False
1065,339,28,2025-09-12T00:00:00,DROPPED,4,False,2,,,False
1066,340,24,2025-09-22T00:00:00,FAILED,5,False,2,72.4,FAILED,False
1067,340,20,2025-09-08T00:00:00,ACTIVE,5,True,2,,,False
1068,340,21,2025-09-22T00:00:00,ACTIVE,5,True,2,,,False
1069,341,48,2025-09-13T00:00:00,ACTIVE,1,True,1,,,False
1070,341,50,2025-09-03T00:00:00,COMPLETED,1,False,1,98.2,PASSED,False
1071,341,49,2025-09-14T00:00:00,COMPLETED,1,False,1,43.2,FAILED,False
1072,342,6,2025-09-19T00:00:00,ACTIVE,3,True,1,,,False
1073,342,7,2025-09-14T00:00:00,ACTIVE,3,True,1,,,False
1074,342,5,2025-09-28T00:00:00,COMPLETED,3,False,1,94.7,PASSED,False
1075,344,45,2025-09-13T00:00:00,COMPLETED,4,False,2,95.1,PASSED,False
1076,344,46,2025-09-01T00:00:00,ACTIVE,4,True,2,,,False
1077,344,47,2025-09-27T00:00:00,ACTIVE,4,True,2,,,False
1078,345,45,2025-09-21T00:00:00,ACTIVE,3,True,2,,,False
1079,345,46,2025-09-14T00:00:00,ACTIVE,3,True,2,,,False
1080,345,47,2025-09-12T00:00:00,ACTIVE,3,True,2,,,False
1081,346,5,2025-09-04T00:00:00,COMPLETED,2,False,1,65.2,PASSED,False
1082,346,6,2025-09-06T00:00:00,FAILED,2,False,1,87.0,FAILED,False
1083,346,7,2025-09-26T00:00:00,COMPLETED,2,False,1,82.5,PASSED,False
1084,347,17,2025-09-06T00:00:00,COMPLETED,3,False,2,90.8,PASSED,False
1085,347,18,2025-09-03T00:00:00,ACTIVE,3,True,2,,,False
1086,347,16,2025-09-09T00:00:00,ACTIVE,3,True,2,,,False
1087,347,14,2025-09-01T00:00:00,ACTIVE,3,True,2,,,False
1088,348,11,2025-09-22T00:00:00,ACTIVE,1,True,2,,,False
1089,348,8,2025-09-04T00:00:00,COMPLETED,1,False,2,99.1,PASSED,False
1090,348,12,2025-09-26T00:00:00,DROPPED,1,False,2,,,True
1091,348,13,2025-09-20T00:00:00,ACTIVE,1,True,2,,,False
1092,348,9,2025-09-25T00:00:00,ACTIVE,1,True,2,,,False
1093,348,10,2025-09-25T00:00:00,COMPLETED,1,False,2,64.0,PASSED,False
1094,349,27,2025-09-27T00:00:00,ACTIVE,3,True,1,,,False
1095,349,26,2025-09-12T00:00:00,ACTIVE,3,True,1,,,False
1096,349,28,2025-09-02T00:00:00,COMPLETED,3,False,1,56.5,FAILED,False
1097,349,25,2025-09-26T00:00:00,COMPLETED,3,False,1,91.1,PASSED,False
1098,350,30,2025-09-28T00:00:00,ACTIVE,1,True,2,,,False
1099,350,26,2025-09-23T00:00:00,ACTIVE,1,True,2,,,False
1100,350,47,2025-09-15T00:00:00,COMPLETED,1,False,2,47.4,FAILED,False
1101,351,44,2025-09-21T00:00:00,ACTIVE,4,True,1,,,False
1102,351,43,2025-09-27T00:00:00,ACTIVE,4,True,1,,,False
1103,351,41,2025-09-28T00:00:00,COMPLETED,4,False,1,74.4,PASSED,False
1104,351,42,2025-09-26T00:00:00,ACTIVE,4,True,1,,,False
1105,352,30,2025-09-30T00:00:00,COMPLETED,3,False,1,60.0,PASSED,False
1106,352,33,2025-09-16T00:00:00,ACTIVE,3,True,1,,,False
1107,352,32,2025-09-28T00:00:00,DROPPED,3,False,1,,,False
1108,352,34,2025-09-04T00:00:00,ACTIVE,3,True,1,,,False
1109,352,29,2025-09-10T00:00:00,ACTIVE,3,True,1,,,False
1110,352,31,2025-09-23T00:00:00,ACTIVE,3,True,1,,,False
1111,354,2,2025-09-10T00:00:00,ACTIVE,2,True,2,,,False
1112,354,4,2025-09-28T00:00:00,FAILED,2,False,2,99.7,FAILED,False
1113,354,1,2025-09-29T00:00:00,DROPPED,2,False,2,,,False
1114,355,31,2025-09-25T00:00:00,ACTIVE,3,True,2,,,False
1115,355,8,2025-09-23T00:00:00,ACTIVE,3,True,2,,,False
1116,355,43,2025-09-23T00:00:00,COMPLETED,3,False,2,60.4,PASSED,False
1117,356,17,2025-09-29T00:00:00,FAILED,5,False,1,76.6,FAILED,False
1118,356,16,2025-09-22T00:00:00,ACTIVE,5,True,1,,,False
1119,356,14,2025-09-18T00:00:00,ACTIVE,5,True,1,,,False
1120,356,15,2025-09-16T00:00:00,ACTIVE,5,True,1,,,False
1121,357,48,2025-09-23T00:00:00,COMPLETED,3,False,1,56.4,FAILED,False
1122,357,50,2025-09-24T00:00:00,ACTIVE,3,True,1,,,False
1123,357,49,2025-09-18T00:00:00,COMPLETED,3,False,1,74.9,PASSED,False
1124,360,45,2025-09-04T00:00:00,ACTIVE,1,True,1,,,False
1125,360,47,2025-09-11T00:00:00,COMPLETED,1,False,1,37.8,FAILED,False
1126,360,46,2025-09-30T00:00:00,ACTIVE,1,True,1,,,False
1127,361,33,2025-09-28T00:00:00,ACTIVE,2,True,2,,,False
1128,361,31,2025-09-13T00:00:00,ACTIVE,2,True,2,,,False
1129,361,30,2025-09-02T00:00:00,COMPLETED,2,False,2,30.1,FAILED,False
1130,362,17,2025-09-25T00:00:00,ACTIVE,4,True,2,,,False
1131,362,18,2025-09-22T00:00:00,ACTIVE,4,True,2,,,False
1132,362,15,2025-09-05T00:00:00,ACTIVE,4,True,2,,,False
1133,363,1,2025-09-18T00:00:00,ACTIVE,5,True,1,,,False
1134,363,2,2025-09-27T00:00:00,COMPLETED,5,False,1,52.1,FAILED,False
1135,363,4,2025-09-16T00:00:00,COMPLETED,5,False,1,88.6,PASSED,False
1136,364,43,2025-09-10T00:00:00,COMPLETED,4,False,1,71.9,PASSED,False
1137,364,41,2025-09-23T00:00:00,ACTIVE,4,True,1,,,False
1138,364,44,2025-09-23T00:00:00,COMPLETED,4,False,1,99.8,PASSED,False
1139,365,38,2025-09-26T00:00:00,ACTIVE,2,True,2,,,False
1140,365,37,2025-09-27T00:00:00,ACTIVE,2,True,2,,,False
1141,365,40,2025-09-28T00:00:00,ACTIVE,2,True,2,,,False
1142,365,35,2025-09-26T00:00:00,ACTIVE,2,True,2,,,False
1143,366,42,2025-09-27T00:00:00,COMPLETED,1,False,2,50.9,FAILED,False
1144,366,44,2025-09-01T00:00:00,COMPLETED,1,False,2,89.4,PASSED,False
1145,366,43,2025-09-22T00:00:00,COMPLETED,1,False,2,53.6,FAILED,False
1146,367,46,2025-09-17T00:00:00,ACTIVE,3,True,2,,,False
1147,367,47,2025-09-10T00:00:00,ACTIVE,3,True,2,,,False
1148,367,45,2025-09-07T00:00:00,ACTIVE,3,True,2,,,False
1149,368,35,2025-09-15T00:00:00,ACTIVE,3,True,2,,,False
1150,368,36,2025-09-19T00:00:00,ACTIVE,3,True,2,,,False
1151,368,37,2025-09-23T00:00:00,ACTIVE,3,True,2,,,False
1152,368,38,2025-09-29T00:00:00,ACTIVE,3,True,2,,,False
1153,368,40,2025-09-07T00:00:00,ACTIVE,3,True,2,,,False
1154,368,39,2025-09-21T00:00:00,COMPLETED,3,False,2,43.7,FAILED,True
1155,369,44,2025-09-30T00:00:00,DROPPED,2,False,1,,,False
1156,369,37,2025-09-16T00:00:00,FAILED,2,False,1,54.9,FAILED,False
1157,369,47,2025-09-17T00:00:00,COMPLETED,2,False,1,33.7,FAILED,False
1158,370,36,2025-09-13T00:00:00,ACTIVE,4,True,1,,,False
1159,370,38,2025-09-06T00:00:00,COMPLETED,4,False,1,78.2,PASSED,False
1160,370,40,2025-09-23T00:00:00,COMPLETED,4,False,1,56.3,FAILED,False
1161,370,35,2025-09-22T00:00:00,ACTIVE,4,True,1,,,False
1162,370,37,2025-09-25T00:00:00,ACTIVE,4,True,1,,,False
1163,370,39,2025-09-13T00:00:00,COMPLETED,4,False,1,87.3,PASSED,False
1164,371,21,2025-09-16T00:00:00,ACTIVE,6,True,2,,,False
1165,371,19,2025-09-30T00:00:00,ACTIVE,6,True,2,,,False
1166,371,23,2025-09-01T00:00:00,ACTIVE,6,True,2,,,False
1167,371,22,2025-09-19T00:00:00,ACTIVE,6,True,2,,,False
1168,371,24,2025-09-23T00:00:00,ACTIVE,6,True,2,,,False
1169,371,20,2025-09-26T00:00:00,ACTIVE,6,True,2,,,False
1170,372,44,2025-09-19T00:00:00,ACTIVE,2,True,1,,,False
1171,372,43,2025-09-11T00:00:00,ACTIVE,2,True,1,,,False
1172,372,42,2025-09-26T00:00:00,COMPLETED,2,False,1,93.6,PASSED,False
1173,372,41,2025-09-13T00:00:00,ACTIVE,2,True,1,,,False
1174,374,28,2025-09-03T00:00:00,ACTIVE,3,True,1,,,False
1175,374,27,2025-09-19T00:00:00,ACTIVE,3,True,1,,,False
1176,374,26,2025-09-21T00:00:00,FAILED,3,False,1,87.3,FAILED,False
1177,377,7,2025-09-28T00:00:00,ACTIVE,4,True,2,,,False
1178,377,5,2025-09-06T00:00:00,ACTIVE,4,True,2,,,True
1179,377,6,2025-09-11T00:00:00,FAILED,4,False,2,61.3,FAILED,False
1180,378,23,2025-09-28T00:00:00,COMPLETED,1,False,1,69.4,PASSED,False
1181,378,20,2025-09-03T00:00:00,ACTIVE,1,True,1,,,False
1182,378,24,2025-09-12T00:00:00,COMPLETED,1,False,1,65.4,PASSED,False
1183,378,19,2025-09-06T00:00:00,ACTIVE,1,True,1,,,False
1184,379,16,2025-09-05T00:00:00,ACTIVE,2,True,1,,,False
1185,379,20,2025-09-23T00:00:00,ACTIVE,2,True,1,,,False
1186,379,1,2025-09-30T00:00:00,ACTIVE,2,True,1,,,False
1187,380,12,2025-09-02T00:00:00,COMPLETED,1,False,1,76.4,PASSED,False
1188,380,13,2025-09-07T00:00:00,ACTIVE,1,True,1,,,False
1189,380,9,2025-09-28T00:00:00,ACTIVE,1,True,1,,,False
1190,380,10,2025-09-20T00:00:00,COMPLETED,1,False,1,97.0,PASSED,False
1191,380,8,2025-09-09T00:00:00,COMPLETED,1,False,1,71.4,PASSED,False
1192,381,35,2025-09-13T00:00:00,ACTIVE,3,True,1,,,False
1193,381,39,2025-09-22T00:00:00,COMPLETED,3,False,1,96.1,PASSED,False
1194,381,37,2025-09-23T00:00:00,ACTIVE,3,True,1,,,False
1195,381,36,2025-09-21T00:00:00,COMPLETED,3,False,1,44.3,FAILED,False
1196,381,38,2025-09-23T00:00:00,COMPLETED,3,False,1,99.7,PASSED,False
1197,381,40,2025-09-23T00:00:00,DROPPED,3,False,1,,,False
1198,382,44,2025-09-26T00:00:00,ACTIVE,3,True,1,,,False
1199,382,41,2025-09-01T00:00:00,ACTIVE,3,True,1,,,False
1200,382,42,2025-09-08T00:00:00,ACTIVE,3,True,1,,,False
1201,383,50,2025-09-03T00:00:00,ACTIVE,2,True,2,,,False
1202,383,48,2025-09-03T00:00:00,ACTIVE,2,True,2,,,False
1203,383,49,2025-09-09T00:00:00,FAILED,2,False,2,53.3,FAILED,False
1204,384,27,2025-09-13T00:00:00,ACTIVE,3,True,2,,,False
1205,384,25,2025-09-08T00:00:00,ACTIVE,3,True,2,,,False
1206,384,28,2025-09-30T00:00:00,COMPLETED,3,False,2,37.4,FAILED,False
1207,385,47,2025-09-17T00:00:00,ACTIVE,2,True,2,,,False
1208,385,46,2025-09-10T00:00:00,COMPLETED,2,False,2,70.1,PASSED,False
1209,385,45,2025-09-20T00:00:00,ACTIVE,2,True,2,,,False
1210,386,30,2025-09-06T00:00:00,ACTIVE,4,True,2,,,False
1211,386,31,2025-09-24T00:00:00,ACTIVE,4,True,2,,,False
1212,386,32,2025-09-26T00:00:00,ACTIVE,4,True,2,,,False
1213,387,4,2025-09-17T00:00:00,FAILED,2,False,2,30.7,FAILED,False
1214,387,3,2025-09-22T00:00:00,ACTIVE,2,True,2,,,False
1215,387,1,2025-09-13T00:00:00,ACTIVE,2,True,2,,,False
1216,387,2,2025-09-09T00:00:00,ACTIVE,2,True,2,,,False
1217,388,24,2025-09-06T00:00:00,ACTIVE,3,True,1,,,False
1218,388,20,2025-09-15T00:00:00,FAILED,3,False,1,54.8,FAILED,False
1219,388,22,2025-09-09T00:00:00,ACTIVE,3,True,1,,,False
1220,388,21,2025-09-23T00:00:00,COMPLETED,3,False,1,66.4,PASSED,False
1221,388,23,2025-09-27T00:00:00,DROPPED,3,False,1,,,False
1222,389,27,2025-09-28T00:00:00,ACTIVE,6,True,2,,,False
1223,389,26,2025-09-24T00:00:00,FAILED,6,False,2,35.6,FAILED,False
1224,389,28,2025-09-03T00:00:00,ACTIVE,6,True,2,,,False
1225,390,29,2025-09-26T00:00:00,ACTIVE,4,True,2,,,False
1226,390,31,2025-09-14T00:00:00,ACTIVE,4,True,2,,,False
1227,390,32,2025-09-05T00:00:00,COMPLETED,4,False,2,95.3,PASSED,False
1228,391,49,2025-09-30T00:00:00,DROPPED,4,False,2,,,False
1229,391,48,2025-09-01T00:00:00,ACTIVE,4,True,2,,,False
1230,391,50,2025-09-24T00:00:00,COMPLETED,4,False,2,79.2,PASSED,False
1231,392,44,2025-09-06T00:00:00,ACTIVE,1,True,1,,,False
1232,392,48,2025-09-27T00:00:00,ACTIVE,1,True,1,,,False
1233,392,34,2025-09-12T00:00:00,ACTIVE,1,True,1,,,False
1234,394,49,2025-09-12T00:00:00,DROPPED,2,False,2,,,False
1235,394,50,2025-09-22T00:00:00,COMPLETED,2,False,2,53.7,FAILED,False
1236,394,48,2025-09-18T00:00:00,ACTIVE,2,True,2,,,False
1237,396,27,2025-09-10T00:00:00,ACTIVE,4,True,2,,,False
1238,396,26,2025-09-01T00:00:00,ACTIVE,4,True,2,,,False
1239,396,28,2025-09-19T00:00:00,ACTIVE,4,True,2,,,False
1240,397,13,2025-09-02T00:00:00,ACTIVE,3,True,2,,,False
1241,397,12,2025-09-11T00:00:00,FAILED,3,False,2,73.1,FAILED,False
1242,397,8,2025-09-04T00:00:00,ACTIVE,3,True,2,,,True
1243,397,9,2025-09-29T00:00:00,ACTIVE,3,True,2,,,False
1244,397,10,2025-09-13T00:00:00,ACTIVE,3,True,2,,,False
1245,398,17,2025-09-17T00:00:00,FAILED,1,False,2,35.9,FAILED,False
1246,398,18,2025-09-30T00:00:00,COMPLETED,1,False,2,58.8,FAILED,False
1247,398,14,2025-09-05T00:00:00,ACTIVE,1,True,2,,,False
1248,399,20,2025-09-29T00:00:00,COMPLETED,1,False,2,55.5,FAILED,False
1249,399,22,2025-09-26T00:00:00,ACTIVE,1,True,2,,,False
1250,399,23,2025-09-15T00:00:00,ACTIVE,1,True,2,,,False
1251,399,24,2025-09-15T00:00:00,ACTIVE,1,True,2,,,False
1252,399,21,2025-09-12T00:00:00,ACTIVE,1,True,2,,,False
