id,student_id,course_id,title,grade_type,score,max_score,created_at
1,2,2,Quiz 1,quiz,80.9,100.0,2026-01-03T00:00:00
2,2,2,Midterm,midterm,72.1,100.0,2025-12-23T00:00:00
3,2,2,Final Exam,final,88.4,100.0,2025-11-07T00:00:00
4,2,4,Quiz 1,quiz,69.8,100.0,2025-12-12T00:00:00
5,2,4,Midterm,midterm,96.6,100.0,2026-02-10T00:00:00
6,2,4,Final Exam,final,63.1,100.0,2025-12-26T00:00:00
7,2,1,Quiz 1,quiz,58.5,100.0,2025-12-04T00:00:00
8,2,1,Midterm,midterm,78.2,100.0,2025-11-21T00:00:00
9,2,1,Final Exam,final,90.5,100.0,2025-11-02T00:00:00
10,3,1,Quiz 1,quiz,49.3,100.0,2026-02-13T00:00:00
11,3,1,Midterm,midterm,67.0,100.0,2026-02-10T00:00:00
12,3,1,Final Exam,final,60.8,100.0,2026-02-28T00:00:00
13,3,2,Quiz 1,quiz,72.1,100.0,2025-12-10T00:00:00
14,3,2,Midterm,midterm,70.2,100.0,2025-12-11T00:00:00
15,3,2,Final Exam,final,90.2,100.0,2025-12-25T00:00:00
16,3,3,Quiz 1,quiz,68.4,100.0,2026-02-19T00:00:00
17,3,3,Midterm,midterm,90.6,100.0,2025-12-17T00:00:00
18,3,3,Final Exam,final,65.3,100.0,2026-01-02T00:00:00
19,4,1,Quiz 1,quiz,83.9,100.0,2026-02-05T00:00:00
20,4,1,Midterm,midterm,73.4,100.0,2025-12-27T00:00:00
21,4,1,Final Exam,final,95.9,100.0,2025-12-14T00:00:00
22,4,2,Quiz 1,quiz,47.8,100.0,2026-01-08T00:00:00
23,4,2,Midterm,midterm,52.5,100.0,2026-02-23T00:00:00
24,4,2,Final Exam,final,97.5,100.0,2025-11-04T00:00:00
25,4,4,Quiz 1,quiz,59.0,100.0,2026-01-13T00:00:00
26,4,4,Midterm,midterm,60.0,100.0,2025-12-28T00:00:00
27,4,4,Final Exam,final,56.9,100.0,2026-02-09T00:00:00
28,4,3,Quiz 1,quiz,87.2,100.0,2025-12-10T00:00:00
29,4,3,Midterm,midterm,51.2,100.0,2026-02-07T00:00:00
30,4,3,Final Exam,final,70.3,100.0,2025-12-11T00:00:00
31,5,50,Quiz 1,quiz,66.0,100.0,2025-11-29T00:00:00
32,5,50,Midterm,midterm,85.5,100.0,2025-11-25T00:00:00
33,5,50,Final Exam,final,61.5,100.0,2026-02-09T00:00:00
34,5,49,Quiz 1,quiz,76.2,100.0,2026-01-04T00:00:00
35,5,49,Midterm,midterm,52.4,100.0,2026-02-12T00:00:00
36,5,49,Final Exam,final,100.0,100.0,2026-01-17T00:00:00
37,7,6,Quiz 1,quiz,66.4,100.0,2025-11-04T00:00:00
38,7,6,Midterm,midterm,70.1,100.0,2025-12-25T00:00:00
39,7,6,Final Exam,final,94.8,100.0,2025-11-17T00:00:00
40,7,7,Quiz 1,quiz,61.2,100.0,2025-12-02T00:00:00
41,7,7,Midterm,midterm,95.0,100.0,2026-02-18T00:00:00
42,7,7,Final Exam,final,63.8,100.0,2026-02-09T00:00:00
43,7,5,Quiz 1,quiz,80.1,100.0,2025-12-18T00:00:00
44,7,5,Midterm,midterm,61.4,100.0,2025-12-04T00:00:00
45,7,5,Final Exam,final,49.7,100.0,2026-02-11T00:00:00
46,8,45,Quiz 1,quiz,76.2,100.0,2025-12-22T00:00:00
47,8,45,Midterm,midterm,79.6,100.0,2026-02-21T00:00:00
48,8,45,Final Exam,final,50.3,100.0,2025-12-19T00:00:00
49,8,10,Quiz 1,quiz,65.4,100.0,2026-02-09T00:00:00
50,8,10,Midterm,midterm,88.0,100.0,2025-11-17T00:00:00
51,8,10,Final Exam,final,79.0,100.0,2026-02-18T00:00:00
52,8,40,Quiz 1,quiz,64.1,100.0,2026-01-21T00:00:00
53,8,40,Midterm,midterm,61.0,100.0,2025-11-24T00:00:00
54,8,40,Final Exam,final,99.2,100.0,2026-02-07T00:00:00
55,9,1,Quiz 1,quiz,48.3,100.0,2025-12-24T00:00:00
56,9,1,Midterm,midterm,69.1,100.0,2025-12-14T00:00:00
57,9,1,Final Exam,final,48.0,100.0,2026-01-29T00:00:00
58,9,42,Quiz 1,quiz,89.7,100.0,2025-12-08T00:00:00
59,9,42,Midterm,midterm,69.9,100.0,2025-11-07T00:00:00
60,9,42,Final Exam,final,72.7,100.0,2025-11-14T00:00:00
61,9,30,Quiz 1,quiz,100.0,100.0,2025-12-21T00:00:00
62,9,30,Midterm,midterm,61.1,100.0,2026-01-20T00:00:00
63,9,30,Final Exam,final,96.2,100.0,2025-12-13T00:00:00
64,10,2,Quiz 1,quiz,64.1,100.0,2026-01-17T00:00:00
65,10,2,Midterm,midterm,66.5,100.0,2026-01-17T00:00:00
66,10,2,Final Exam,final,100.0,100.0,2025-12-15T00:00:00
67,10,4,Quiz 1,quiz,67.6,100.0,2025-11-30T00:00:00
68,10,4,Midterm,midterm,49.4,100.0,2026-02-27T00:00:00
69,10,4,Final Exam,final,74.2,100.0,2025-11-07T00:00:00
70,10,1,Quiz 1,quiz,67.4,100.0,2025-11-02T00:00:00
71,10,1,Midterm,midterm,75.5,100.0,2026-01-28T00:00:00
72,10,1,Final Exam,final,68.0,100.0,2026-02-28T00:00:00
73,10,3,Quiz 1,quiz,100.0,100.0,2026-01-26T00:00:00
74,10,3,Midterm,midterm,78.4,100.0,2025-12-25T00:00:00
75,10,3,Final Exam,final,53.9,100.0,2025-11-21T00:00:00
76,11,20,Quiz 1,quiz,71.9,100.0,2026-02-18T00:00:00
77,11,20,Midterm,midterm,58.0,100.0,2025-11-24T00:00:00
78,11,20,Final Exam,final,66.3,100.0,2025-11-16T00:00:00
79,11,16,Quiz 1,quiz,56.3,100.0,2025-11-23T00:00:00
80,11,16,Midterm,midterm,100.0,100.0,2025-11-20T00:00:00
81,11,16,Final Exam,final,59.6,100.0,2025-12-08T00:00:00
82,11,3,Quiz 1,quiz,80.3,100.0,2025-11-24T00:00:00
83,11,3,Midterm,midterm,65.1,100.0,2026-02-06T00:00:00
84,11,3,Final Exam,final,52.6,100.0,2026-02-11T00:00:00
85,11,34,Quiz 1,quiz,73.0,100.0,2025-12-28T00:00:00
86,11,34,Midterm,midterm,76.0,100.0,2025-12-25T00:00:00
87,11,34,Final Exam,final,78.4,100.0,2026-02-21T00:00:00
88,12,29,Quiz 1,quiz,30.7,100.0,2026-01-01T00:00:00
89,12,29,Midterm,midterm,51.5,100.0,2026-01-28T00:00:00
90,12,29,Final Exam,final,84.4,100.0,2026-01-24T00:00:00
91,12,33,Quiz 1,quiz,56.1,100.0,2025-12-31T00:00:00
92,12,33,Midterm,midterm,73.0,100.0,2025-12-10T00:00:00
93,12,33,Final Exam,final,51.1,100.0,2025-12-22T00:00:00
94,12,31,Quiz 1,quiz,81.0,100.0,2025-11-18T00:00:00
95,12,31,Midterm,midterm,84.0,100.0,2026-02-06T00:00:00
96,12,31,Final Exam,final,81.0,100.0,2025-12-11T00:00:00
97,12,34,Quiz 1,quiz,85.5,100.0,2026-01-18T00:00:00
98,12,34,Midterm,midterm,93.5,100.0,2025-11-09T00:00:00
99,12,34,Final Exam,final,52.4,100.0,2025-12-20T00:00:00
100,12,32,Quiz 1,quiz,58.2,100.0,2025-11-04T00:00:00
101,12,32,Midterm,midterm,83.5,100.0,2025-11-14T00:00:00
102,12,32,Final Exam,final,87.0,100.0,2025-11-11T00:00:00
103,12,30,Quiz 1,quiz,59.9,100.0,2025-11-23T00:00:00
104,12,30,Midterm,midterm,58.8,100.0,2025-12-06T00:00:00
105,12,30,Final Exam,final,60.2,100.0,2026-01-30T00:00:00
106,13,46,Quiz 1,quiz,45.9,100.0,2025-11-13T00:00:00
107,13,46,Midterm,midterm,50.9,100.0,2025-11-12T00:00:00
108,13,46,Final Exam,final,51.3,100.0,2025-12-18T00:00:00
109,13,47,Quiz 1,quiz,65.6,100.0,2026-02-25T00:00:00
110,13,47,Midterm,midterm,74.1,100.0,2026-02-18T00:00:00
111,13,47,Final Exam,final,76.5,100.0,2026-01-04T00:00:00
112,13,45,Quiz 1,quiz,62.4,100.0,2026-02-13T00:00:00
113,13,45,Midterm,midterm,62.7,100.0,2025-12-03T00:00:00
114,13,45,Final Exam,final,71.9,100.0,2026-01-08T00:00:00
115,14,21,Quiz 1,quiz,47.6,100.0,2026-02-11T00:00:00
116,14,21,Midterm,midterm,84.4,100.0,2026-01-06T00:00:00
117,14,21,Final Exam,final,89.3,100.0,2026-01-21T00:00:00
118,14,23,Quiz 1,quiz,60.6,100.0,2025-12-20T00:00:00
119,14,23,Midterm,midterm,64.0,100.0,2025-11-08T00:00:00
120,14,23,Final Exam,final,88.6,100.0,2025-11-01T00:00:00
121,14,20,Quiz 1,quiz,68.2,100.0,2026-02-06T00:00:00
122,14,20,Midterm,midterm,78.8,100.0,2026-02-24T00:00:00
123,14,20,Final Exam,final,68.6,100.0,2026-01-08T00:00:00
124,14,22,Quiz 1,quiz,93.3,100.0,2025-11-02T00:00:00
125,14,22,Midterm,midterm,77.4,100.0,2025-11-14T00:00:00
126,14,22,Final Exam,final,78.2,100.0,2025-12-31T00:00:00
127,15,14,Quiz 1,quiz,78.5,100.0,2026-01-15T00:00:00
128,15,14,Midterm,midterm,61.7,100.0,2026-01-06T00:00:00
129,15,14,Final Exam,final,63.1,100.0,2025-12-21T00:00:00
130,15,18,Quiz 1,quiz,81.5,100.0,2026-01-01T00:00:00
131,15,18,Midterm,midterm,71.9,100.0,2026-01-31T00:00:00
132,15,18,Final Exam,final,52.3,100.0,2026-01-03T00:00:00
133,15,16,Quiz 1,quiz,98.1,100.0,2026-01-11T00:00:00
134,15,16,Midterm,midterm,84.7,100.0,2025-11-17T00:00:00
135,15,16,Final Exam,final,70.6,100.0,2025-11-26T00:00:00
136,16,4,Quiz 1,quiz,65.9,100.0,2026-02-20T00:00:00
137,16,4,Midterm,midterm,73.0,100.0,2025-11-11T00:00:00
138,16,4,Final Exam,final,77.8,100.0,2025-11-23T00:00:00
139,16,3,Quiz 1,quiz,39.5,100.0,2026-01-13T00:00:00
140,16,3,Midterm,midterm,100.0,100.0,2026-01-16T00:00:00
141,16,3,Final Exam,final,58.2,100.0,2026-02-21T00:00:00
142,18,50,Quiz 1,quiz,70.0,100.0,2026-03-01T00:00:00
143,18,50,Midterm,midterm,70.5,100.0,2025-12-16T00:00:00
144,18,50,Final Exam,final,100.0,100.0,2025-12-27T00:00:00
145,18,48,Quiz 1,quiz,68.7,100.0,2026-02-28T00:00:00
146,18,48,Midterm,midterm,93.8,100.0,2026-02-09T00:00:00
147,18,48,Final Exam,final,76.1,100.0,2026-02-23T00:00:00
148,18,49,Quiz 1,quiz,55.6,100.0,2025-11-02T00:00:00
149,18,49,Midterm,midterm,72.0,100.0,2026-02-28T00:00:00
150,18,49,Final Exam,final,68.2,100.0,2026-02-11T00:00:00
151,19,27,Quiz 1,quiz,53.7,100.0,2025-12-05T00:00:00
152,19,27,Midterm,midterm,75.4,100.0,2025-12-28T00:00:00
153,19,27,Final Exam,final,70.3,100.0,2025-11-18T00:00:00
154,19,25,Quiz 1,quiz,78.3,100.0,2026-01-31T00:00:00
155,19,25,Midterm,midterm,72.9,100.0,2025-12-23T00:00:00
156,19,25,Final Exam,final,60.2,100.0,2026-02-10T00:00:00
157,19,26,Quiz 1,quiz,81.5,100.0,2025-12-04T00:00:00
158,19,26,Midterm,midterm,60.6,100.0,2026-02-18T00:00:00
159,19,26,Final Exam,final,23.5,100.0,2025-11-22T00:00:00
160,19,28,Quiz 1,quiz,71.9,100.0,2026-01-21T00:00:00
161,19,28,Midterm,midterm,61.7,100.0,2026-02-12T00:00:00
162,19,28,Final Exam,final,75.7,100.0,2025-12-25T00:00:00
163,20,30,Quiz 1,quiz,100.0,100.0,2025-11-10T00:00:00
164,20,30,Midterm,midterm,100.0,100.0,2025-11-19T00:00:00
165,20,30,Final Exam,final,67.5,100.0,2026-02-02T00:00:00
166,20,29,Quiz 1,quiz,57.6,100.0,2025-11-15T00:00:00
167,20,29,Midterm,midterm,78.8,100.0,2026-02-26T00:00:00
168,20,29,Final Exam,final,64.4,100.0,2025-11-22T00:00:00
169,20,34,Quiz 1,quiz,75.9,100.0,2025-11-07T00:00:00
170,20,34,Midterm,midterm,60.1,100.0,2025-11-27T00:00:00
171,20,34,Final Exam,final,73.8,100.0,2026-01-07T00:00:00
172,20,32,Quiz 1,quiz,57.8,100.0,2025-12-03T00:00:00
173,20,32,Midterm,midterm,87.8,100.0,2025-11-30T00:00:00
174,20,32,Final Exam,final,61.2,100.0,2026-02-03T00:00:00
175,21,50,Quiz 1,quiz,79.9,100.0,2026-02-06T00:00:00
176,21,50,Midterm,midterm,51.0,100.0,2026-02-22T00:00:00
177,21,50,Final Exam,final,81.7,100.0,2026-01-01T00:00:00
178,21,49,Quiz 1,quiz,55.5,100.0,2025-12-14T00:00:00
179,21,49,Midterm,midterm,73.9,100.0,2025-11-30T00:00:00
180,21,49,Final Exam,final,85.3,100.0,2025-12-26T00:00:00
181,21,48,Quiz 1,quiz,67.0,100.0,2025-12-15T00:00:00
182,21,48,Midterm,midterm,54.6,100.0,2026-01-29T00:00:00
183,21,48,Final Exam,final,77.5,100.0,2026-01-15T00:00:00
184,23,39,Quiz 1,quiz,57.4,100.0,2026-02-02T00:00:00
185,23,39,Midterm,midterm,63.9,100.0,2025-12-20T00:00:00
186,23,39,Final Exam,final,74.0,100.0,2026-02-19T00:00:00
187,23,35,Quiz 1,quiz,90.4,100.0,2026-02-05T00:00:00
188,23,35,Midterm,midterm,70.4,100.0,2026-01-08T00:00:00
189,23,35,Final Exam,final,70.3,100.0,2025-11-07T00:00:00
190,23,38,Quiz 1,quiz,81.1,100.0,2025-12-30T00:00:00
191,23,38,Midterm,midterm,70.8,100.0,2026-01-10T00:00:00
192,23,38,Final Exam,final,79.5,100.0,2025-12-15T00:00:00
193,24,7,Quiz 1,quiz,86.2,100.0,2026-02-13T00:00:00
194,24,7,Midterm,midterm,65.1,100.0,2026-01-21T00:00:00
195,24,7,Final Exam,final,20.9,100.0,2025-11-22T00:00:00
196,24,5,Quiz 1,quiz,57.7,100.0,2025-12-18T00:00:00
197,24,5,Midterm,midterm,88.1,100.0,2025-12-04T00:00:00
198,24,5,Final Exam,final,69.5,100.0,2026-01-05T00:00:00
199,24,6,Quiz 1,quiz,64.9,100.0,2025-11-23T00:00:00
200,24,6,Midterm,midterm,87.5,100.0,2025-12-10T00:00:00
201,24,6,Final Exam,final,68.5,100.0,2025-11-17T00:00:00
202,25,11,Quiz 1,quiz,38.6,100.0,2025-11-16T00:00:00
203,25,11,Midterm,midterm,47.4,100.0,2026-01-25T00:00:00
204,25,11,Final Exam,final,76.3,100.0,2026-01-11T00:00:00
205,25,9,Quiz 1,quiz,69.0,100.0,2026-01-28T00:00:00
206,25,9,Midterm,midterm,91.8,100.0,2026-02-05T00:00:00
207,25,9,Final Exam,final,59.0,100.0,2025-11-30T00:00:00
208,25,13,Quiz 1,quiz,65.4,100.0,2026-01-04T00:00:00
209,25,13,Midterm,midterm,56.7,100.0,2025-12-12T00:00:00
210,25,13,Final Exam,final,62.2,100.0,2026-02-21T00:00:00
211,25,12,Quiz 1,quiz,41.6,100.0,2025-12-03T00:00:00
212,25,12,Midterm,midterm,64.2,100.0,2025-12-17T00:00:00
213,25,12,Final Exam,final,69.2,100.0,2026-02-11T00:00:00
214,25,8,Quiz 1,quiz,68.0,100.0,2026-02-05T00:00:00
215,25,8,Midterm,midterm,100.0,100.0,2025-12-05T00:00:00
216,25,8,Final Exam,final,97.5,100.0,2025-11-07T00:00:00
217,26,22,Quiz 1,quiz,58.7,100.0,2025-11-05T00:00:00
218,26,22,Midterm,midterm,39.3,100.0,2026-01-26T00:00:00
219,26,22,Final Exam,final,68.5,100.0,2026-03-01T00:00:00
220,26,24,Quiz 1,quiz,75.6,100.0,2025-12-25T00:00:00
221,26,24,Midterm,midterm,57.1,100.0,2025-12-03T00:00:00
222,26,24,Final Exam,final,57.8,100.0,2025-12-10T00:00:00
223,26,21,Quiz 1,quiz,93.7,100.0,2026-01-23T00:00:00
224,26,21,Midterm,midterm,66.1,100.0,2025-12-18T00:00:00
225,26,21,Final Exam,final,79.9,100.0,2025-12-07T00:00:00
226,26,20,Quiz 1,quiz,56.0,100.0,2026-01-23T00:00:00
227,26,20,Midterm,midterm,69.1,100.0,2025-12-30T00:00:00
228,26,20,Final Exam,final,65.0,100.0,2025-12-14T00:00:00
229,29,40,Quiz 1,quiz,59.9,100.0,2026-02-03T00:00:00
230,29,40,Midterm,midterm,87.3,100.0,2025-11-19T00:00:00
231,29,40,Final Exam,final,49.2,100.0,2026-02-20T00:00:00
232,29,35,Quiz 1,quiz,74.5,100.0,2025-11-26T00:00:00
233,29,35,Midterm,midterm,64.7,100.0,2026-02-17T00:00:00
234,29,35,Final Exam,final,76.2,100.0,2026-02-21T00:00:00
235,29,39,Quiz 1,quiz,64.9,100.0,2025-11-10T00:00:00
236,29,39,Midterm,midterm,83.0,100.0,2025-11-15T00:00:00
237,29,39,Final Exam,final,55.9,100.0,2025-11-18T00:00:00
238,29,38,Quiz 1,quiz,87.4,100.0,2026-03-01T00:00:00
239,29,38,Midterm,midterm,69.6,100.0,2025-11-25T00:00:00
240,29,38,Final Exam,final,50.1,100.0,2025-11-20T00:00:00
241,30,44,Quiz 1,quiz,80.2,100.0,2026-02-28T00:00:00
242,30,44,Midterm,midterm,67.0,100.0,2026-01-31T00:00:00
243,30,44,Final Exam,final,44.4,100.0,2025-12-28T00:00:00
244,30,43,Quiz 1,quiz,75.0,100.0,2025-12-07T00:00:00
245,30,43,Midterm,midterm,85.1,100.0,2026-02-07T00:00:00
246,30,43,Final Exam,final,89.2,100.0,2026-01-08T00:00:00
247,30,42,Quiz 1,quiz,64.3,100.0,2026-01-18T00:00:00
248,30,42,Midterm,midterm,72.2,100.0,2026-02-06T00:00:00
249,30,42,Final Exam,final,70.8,100.0,2026-02-03T00:00:00
250,31,20,Quiz 1,quiz,92.3,100.0,2026-02-02T00:00:00
251,31,20,Midterm,midterm,57.8,100.0,2026-01-02T00:00:00
252,31,20,Final Exam,final,63.0,100.0,2026-01-27T00:00:00
253,31,19,Quiz 1,quiz,57.5,100.0,2026-03-01T00:00:00
254,31,19,Midterm,midterm,48.3,100.0,2026-01-19T00:00:00
255,31,19,Final Exam,final,73.7,100.0,2026-02-02T00:00:00
256,31,22,Quiz 1,quiz,94.0,100.0,2026-02-13T00:00:00
257,31,22,Midterm,midterm,67.0,100.0,2025-11-11T00:00:00
258,31,22,Final Exam,final,56.8,100.0,2025-12-28T00:00:00
259,31,24,Quiz 1,quiz,72.8,100.0,2025-12-27T00:00:00
260,31,24,Midterm,midterm,78.8,100.0,2026-02-24T00:00:00
261,31,24,Final Exam,final,67.7,100.0,2026-02-08T00:00:00
262,32,1,Quiz 1,quiz,91.1,100.0,2025-12-21T00:00:00
263,32,1,Midterm,midterm,57.8,100.0,2026-02-06T00:00:00
264,32,1,Final Exam,final,65.7,100.0,2025-11-27T00:00:00
265,32,2,Quiz 1,quiz,74.4,100.0,2025-12-02T00:00:00
266,32,2,Midterm,midterm,75.9,100.0,2026-01-25T00:00:00
267,32,2,Final Exam,final,70.7,100.0,2025-12-08T00:00:00
268,32,3,Quiz 1,quiz,50.8,100.0,2026-01-22T00:00:00
269,32,3,Midterm,midterm,100.0,100.0,2026-01-22T00:00:00
270,32,3,Final Exam,final,66.5,100.0,2026-01-26T00:00:00
271,32,4,Quiz 1,quiz,71.7,100.0,2026-02-04T00:00:00
272,32,4,Midterm,midterm,79.3,100.0,2025-11-22T00:00:00
273,32,4,Final Exam,final,60.5,100.0,2026-01-02T00:00:00
274,33,12,Quiz 1,quiz,70.9,100.0,2025-11-22T00:00:00
275,33,12,Midterm,midterm,59.8,100.0,2025-11-04T00:00:00
276,33,12,Final Exam,final,76.2,100.0,2025-11-25T00:00:00
277,33,10,Quiz 1,quiz,65.9,100.0,2026-02-20T00:00:00
278,33,10,Midterm,midterm,74.0,100.0,2026-02-15T00:00:00
279,33,10,Final Exam,final,54.3,100.0,2026-01-11T00:00:00
280,33,9,Quiz 1,quiz,57.6,100.0,2026-01-08T00:00:00
281,33,9,Midterm,midterm,49.5,100.0,2025-12-19T00:00:00
282,33,9,Final Exam,final,59.3,100.0,2026-01-27T00:00:00
283,33,8,Quiz 1,quiz,31.4,100.0,2025-11-22T00:00:00
284,33,8,Midterm,midterm,65.4,100.0,2026-02-13T00:00:00
285,33,8,Final Exam,final,62.0,100.0,2025-11-10T00:00:00
286,34,5,Quiz 1,quiz,72.3,100.0,2026-02-23T00:00:00
287,34,5,Midterm,midterm,70.7,100.0,2025-12-31T00:00:00
288,34,5,Final Exam,final,88.9,100.0,2025-12-16T00:00:00
289,34,7,Quiz 1,quiz,100.0,100.0,2026-01-31T00:00:00
290,34,7,Midterm,midterm,87.1,100.0,2025-11-02T00:00:00
291,34,7,Final Exam,final,63.2,100.0,2026-01-23T00:00:00
292,34,6,Quiz 1,quiz,62.6,100.0,2026-01-09T00:00:00
293,34,6,Midterm,midterm,83.0,100.0,2025-11-08T00:00:00
294,34,6,Final Exam,final,44.7,100.0,2026-02-11T00:00:00
295,36,38,Quiz 1,quiz,65.3,100.0,2026-02-17T00:00:00
296,36,38,Midterm,midterm,66.4,100.0,2025-11-09T00:00:00
297,36,38,Final Exam,final,78.8,100.0,2026-01-17T00:00:00
298,36,39,Quiz 1,quiz,79.2,100.0,2026-02-09T00:00:00
299,36,39,Midterm,midterm,58.8,100.0,2025-12-20T00:00:00
300,36,39,Final Exam,final,63.8,100.0,2025-12-02T00:00:00
301,36,37,Quiz 1,quiz,76.7,100.0,2026-02-14T00:00:00
302,36,37,Midterm,midterm,58.0,100.0,2025-11-06T00:00:00
303,36,37,Final Exam,final,88.1,100.0,2025-12-03T00:00:00
304,36,35,Quiz 1,quiz,79.1,100.0,2025-12-13T00:00:00
305,36,35,Midterm,midterm,72.6,100.0,2026-01-31T00:00:00
306,36,35,Final Exam,final,75.9,100.0,2026-01-21T00:00:00
307,37,37,Quiz 1,quiz,63.0,100.0,2025-11-25T00:00:00
308,37,37,Midterm,midterm,60.6,100.0,2025-11-05T00:00:00
309,37,37,Final Exam,final,63.6,100.0,2025-12-20T00:00:00
310,37,38,Quiz 1,quiz,77.5,100.0,2026-01-17T00:00:00
311,37,38,Midterm,midterm,73.0,100.0,2026-02-10T00:00:00
312,37,38,Final Exam,final,63.7,100.0,2025-11-30T00:00:00
313,37,36,Quiz 1,quiz,81.2,100.0,2025-12-12T00:00:00
314,37,36,Midterm,midterm,67.4,100.0,2026-02-01T00:00:00
315,37,36,Final Exam,final,59.6,100.0,2026-01-09T00:00:00
316,38,47,Quiz 1,quiz,73.8,100.0,2026-01-04T00:00:00
317,38,47,Midterm,midterm,54.8,100.0,2026-02-15T00:00:00
318,38,47,Final Exam,final,44.7,100.0,2025-11-19T00:00:00
319,38,45,Quiz 1,quiz,69.9,100.0,2025-12-05T00:00:00
320,38,45,Midterm,midterm,60.1,100.0,2026-01-19T00:00:00
321,38,45,Final Exam,final,66.2,100.0,2026-02-23T00:00:00
322,38,46,Quiz 1,quiz,55.5,100.0,2025-11-30T00:00:00
323,38,46,Midterm,midterm,88.1,100.0,2025-12-13T00:00:00
324,38,46,Final Exam,final,60.1,100.0,2026-02-17T00:00:00
325,39,21,Quiz 1,quiz,63.5,100.0,2025-11-30T00:00:00
326,39,21,Midterm,midterm,75.7,100.0,2026-02-21T00:00:00
327,39,21,Final Exam,final,49.4,100.0,2025-12-10T00:00:00
328,39,17,Quiz 1,quiz,48.2,100.0,2025-11-02T00:00:00
329,39,17,Midterm,midterm,75.7,100.0,2025-11-05T00:00:00
330,39,17,Final Exam,final,63.3,100.0,2026-02-18T00:00:00
331,39,34,Quiz 1,quiz,56.5,100.0,2026-02-26T00:00:00
332,39,34,Midterm,midterm,79.1,100.0,2026-02-19T00:00:00
333,39,34,Final Exam,final,57.8,100.0,2026-01-29T00:00:00
334,39,39,Quiz 1,quiz,65.9,100.0,2026-02-09T00:00:00
335,39,39,Midterm,midterm,56.6,100.0,2026-01-21T00:00:00
336,39,39,Final Exam,final,74.6,100.0,2026-02-03T00:00:00
337,40,40,Quiz 1,quiz,90.0,100.0,2025-11-14T00:00:00
338,40,40,Midterm,midterm,42.1,100.0,2026-01-05T00:00:00
339,40,40,Final Exam,final,71.7,100.0,2025-11-09T00:00:00
340,40,36,Quiz 1,quiz,82.8,100.0,2026-01-31T00:00:00
341,40,36,Midterm,midterm,63.7,100.0,2026-02-20T00:00:00
342,40,36,Final Exam,final,53.0,100.0,2025-12-21T00:00:00
343,40,38,Quiz 1,quiz,76.3,100.0,2025-12-27T00:00:00
344,40,38,Midterm,midterm,85.0,100.0,2025-12-31T00:00:00
345,40,38,Final Exam,final,83.4,100.0,2026-01-04T00:00:00
346,41,27,Quiz 1,quiz,75.5,100.0,2025-12-07T00:00:00
347,41,27,Midterm,midterm,71.5,100.0,2026-01-05T00:00:00
348,41,27,Final Exam,final,56.5,100.0,2026-02-24T00:00:00
349,41,25,Quiz 1,quiz,83.0,100.0,2025-11-09T00:00:00
350,41,25,Midterm,midterm,82.1,100.0,2026-02-16T00:00:00
351,41,25,Final Exam,final,52.9,100.0,2025-12-25T00:00:00
352,41,26,Quiz 1,quiz,75.5,100.0,2025-12-15T00:00:00
353,41,26,Midterm,midterm,79.8,100.0,2025-11-23T00:00:00
354,41,26,Final Exam,final,83.2,100.0,2025-12-06T00:00:00
355,41,28,Quiz 1,quiz,68.9,100.0,2025-12-03T00:00:00
356,41,28,Midterm,midterm,57.1,100.0,2025-12-03T00:00:00
357,41,28,Final Exam,final,62.5,100.0,2026-02-26T00:00:00
358,42,6,Quiz 1,quiz,54.9,100.0,2026-01-25T00:00:00
359,42,6,Midterm,midterm,69.2,100.0,2025-12-17T00:00:00
360,42,6,Final Exam,final,66.3,100.0,2025-12-04T00:00:00
361,42,7,Quiz 1,quiz,100.0,100.0,2025-12-04T00:00:00
362,42,7,Midterm,midterm,83.4,100.0,2025-12-25T00:00:00
363,42,7,Final Exam,final,84.5,100.0,2025-11-07T00:00:00
364,42,5,Quiz 1,quiz,77.1,100.0,2026-02-14T00:00:00
365,42,5,Midterm,midterm,64.5,100.0,2026-01-08T00:00:00
366,42,5,Final Exam,final,65.9,100.0,2025-11-27T00:00:00
367,43,17,Quiz 1,quiz,67.2,100.0,2026-02-13T00:00:00
368,43,17,Midterm,midterm,72.8,100.0,2026-01-08T00:00:00
369,43,17,Final Exam,final,75.8,100.0,2026-02-21T00:00:00
370,43,18,Quiz 1,quiz,70.0,100.0,2025-12-17T00:00:00
371,43,18,Midterm,midterm,65.6,100.0,2026-01-28T00:00:00
372,43,18,Final Exam,final,61.1,100.0,2025-11-09T00:00:00
373,43,16,Quiz 1,quiz,49.1,100.0,2025-12-31T00:00:00
374,43,16,Midterm,midterm,89.3,100.0,2026-01-17T00:00:00
375,43,16,Final Exam,final,100.0,100.0,2026-01-19T00:00:00
376,43,14,Quiz 1,quiz,88.0,100.0,2025-11-28T00:00:00
377,43,14,Midterm,midterm,51.1,100.0,2025-12-28T00:00:00
378,43,14,Final Exam,final,81.8,100.0,2026-01-30T00:00:00
379,44,5,Quiz 1,quiz,85.4,100.0,2026-02-09T00:00:00
380,44,5,Midterm,midterm,63.9,100.0,2026-01-10T00:00:00
381,44,5,Final Exam,final,77.3,100.0,2025-11-14T00:00:00
382,44,7,Quiz 1,quiz,63.2,100.0,2025-11-02T00:00:00
383,44,7,Midterm,midterm,92.9,100.0,2026-01-22T00:00:00
384,44,7,Final Exam,final,75.5,100.0,2026-01-27T00:00:00
385,44,6,Quiz 1,quiz,56.2,100.0,2026-01-23T00:00:00
386,44,6,Midterm,midterm,80.0,100.0,2026-02-05T00:00:00
387,44,6,Final Exam,final,85.9,100.0,2026-02-25T00:00:00
388,45,35,Quiz 1,quiz,73.0,100.0,2026-02-11T00:00:00
389,45,35,Midterm,midterm,77.2,100.0,2026-02-01T00:00:00
390,45,35,Final Exam,final,69.0,100.0,2026-01-25T00:00:00
391,45,37,Quiz 1,quiz,53.0,100.0,2025-12-12T00:00:00
392,45,37,Midterm,midterm,67.7,100.0,2025-12-01T00:00:00
393,45,37,Final Exam,final,77.8,100.0,2026-01-22T00:00:00
394,45,38,Quiz 1,quiz,68.1,100.0,2026-01-16T00:00:00
395,45,38,Midterm,midterm,82.0,100.0,2025-11-16T00:00:00
396,45,38,Final Exam,final,64.1,100.0,2025-11-19T00:00:00
397,46,45,Quiz 1,quiz,65.1,100.0,2026-01-08T00:00:00
398,46,45,Midterm,midterm,82.5,100.0,2025-12-29T00:00:00
399,46,45,Final Exam,final,73.3,100.0,2026-01-04T00:00:00
400,46,46,Quiz 1,quiz,63.8,100.0,2026-01-05T00:00:00
401,46,46,Midterm,midterm,85.5,100.0,2026-01-24T00:00:00
402,46,46,Final Exam,final,59.7,100.0,2025-12-03T00:00:00
403,46,47,Quiz 1,quiz,59.1,100.0,2026-02-20T00:00:00
404,46,47,Midterm,midterm,27.6,100.0,2026-01-08T00:00:00
405,46,47,Final Exam,final,61.7,100.0,2026-02-03T00:00:00
406,47,50,Quiz 1,quiz,89.6,100.0,2025-12-20T00:00:00
407,47,50,Midterm,midterm,38.9,100.0,2026-02-11T00:00:00
408,47,50,Final Exam,final,55.7,100.0,2026-01-19T00:00:00
409,47,48,Quiz 1,quiz,76.6,100.0,2026-01-12T00:00:00
410,47,48,Midterm,midterm,36.3,100.0,2026-01-14T00:00:00
411,47,48,Final Exam,final,62.3,100.0,2025-12-25T00:00:00
412,47,49,Quiz 1,quiz,87.1,100.0,2026-01-15T00:00:00
413,47,49,Midterm,midterm,100.0,100.0,2026-01-07T00:00:00
414,47,49,Final Exam,final,74.4,100.0,2026-01-05T00:00:00
415,48,35,Quiz 1,quiz,56.1,100.0,2026-02-08T00:00:00
416,48,35,Midterm,midterm,55.6,100.0,2025-11-20T00:00:00
417,48,35,Final Exam,final,72.2,100.0,2026-02-22T00:00:00
418,48,39,Quiz 1,quiz,74.2,100.0,2026-02-22T00:00:00
419,48,39,Midterm,midterm,97.9,100.0,2026-02-06T00:00:00
420,48,39,Final Exam,final,84.6,100.0,2026-01-28T00:00:00
421,48,36,Quiz 1,quiz,71.3,100.0,2026-01-16T00:00:00
422,48,36,Midterm,midterm,65.0,100.0,2025-11-08T00:00:00
423,48,36,Final Exam,final,100.0,100.0,2025-12-10T00:00:00
424,48,40,Quiz 1,quiz,79.4,100.0,2025-12-11T00:00:00
425,48,40,Midterm,midterm,60.0,100.0,2026-01-01T00:00:00
426,48,40,Final Exam,final,66.6,100.0,2026-01-14T00:00:00
427,49,49,Quiz 1,quiz,56.8,100.0,2026-01-29T00:00:00
428,49,49,Midterm,midterm,33.9,100.0,2025-11-18T00:00:00
429,49,49,Final Exam,final,74.7,100.0,2026-02-16T00:00:00
430,49,50,Quiz 1,quiz,96.7,100.0,2026-01-01T00:00:00
431,49,50,Midterm,midterm,45.5,100.0,2025-11-14T00:00:00
432,49,50,Final Exam,final,70.8,100.0,2025-12-06T00:00:00
433,49,48,Quiz 1,quiz,59.4,100.0,2026-02-16T00:00:00
434,49,48,Midterm,midterm,77.8,100.0,2025-12-28T00:00:00
435,49,48,Final Exam,final,67.4,100.0,2026-01-27T00:00:00
436,50,18,Quiz 1,quiz,49.6,100.0,2025-11-18T00:00:00
437,50,18,Midterm,midterm,55.3,100.0,2025-12-03T00:00:00
438,50,18,Final Exam,final,57.5,100.0,2025-12-19T00:00:00
439,50,19,Quiz 1,quiz,90.2,100.0,2025-11-30T00:00:00
440,50,19,Midterm,midterm,89.4,100.0,2025-11-05T00:00:00
441,50,19,Final Exam,final,65.3,100.0,2026-02-12T00:00:00
442,50,21,Quiz 1,quiz,88.4,100.0,2025-11-12T00:00:00
443,50,21,Midterm,midterm,67.4,100.0,2026-02-19T00:00:00
444,50,21,Final Exam,final,65.1,100.0,2026-02-02T00:00:00
445,50,13,Quiz 1,quiz,70.9,100.0,2026-01-16T00:00:00
446,50,13,Midterm,midterm,74.3,100.0,2026-01-09T00:00:00
447,50,13,Final Exam,final,61.7,100.0,2026-02-04T00:00:00
448,51,2,Quiz 1,quiz,70.3,100.0,2025-12-19T00:00:00
449,51,2,Midterm,midterm,81.8,100.0,2026-01-30T00:00:00
450,51,2,Final Exam,final,71.9,100.0,2025-12-03T00:00:00
451,51,1,Quiz 1,quiz,70.6,100.0,2025-11-23T00:00:00
452,51,1,Midterm,midterm,77.4,100.0,2025-12-05T00:00:00
453,51,1,Final Exam,final,80.0,100.0,2025-11-17T00:00:00
454,51,3,Quiz 1,quiz,69.1,100.0,2026-02-24T00:00:00
455,51,3,Midterm,midterm,62.9,100.0,2025-11-27T00:00:00
456,51,3,Final Exam,final,72.8,100.0,2026-02-15T00:00:00
457,51,4,Quiz 1,quiz,46.1,100.0,2026-01-11T00:00:00
458,51,4,Midterm,midterm,66.8,100.0,2026-01-23T00:00:00
459,51,4,Final Exam,final,32.9,100.0,2025-11-29T00:00:00
460,52,1,Quiz 1,quiz,44.9,100.0,2026-01-15T00:00:00
461,52,1,Midterm,midterm,42.6,100.0,2025-12-28T00:00:00
462,52,1,Final Exam,final,85.7,100.0,2025-11-21T00:00:00
463,52,2,Quiz 1,quiz,70.2,100.0,2026-01-06T00:00:00
464,52,2,Midterm,midterm,51.1,100.0,2025-12-01T00:00:00
465,52,2,Final Exam,final,77.4,100.0,2025-12-01T00:00:00
466,52,3,Quiz 1,quiz,84.8,100.0,2026-01-12T00:00:00
467,52,3,Midterm,midterm,77.6,100.0,2026-02-10T00:00:00
468,52,3,Final Exam,final,67.2,100.0,2025-11-14T00:00:00
469,54,37,Quiz 1,quiz,73.5,100.0,2025-11-20T00:00:00
470,54,37,Midterm,midterm,83.5,100.0,2025-11-15T00:00:00
471,54,37,Final Exam,final,63.0,100.0,2026-01-22T00:00:00
472,54,40,Quiz 1,quiz,70.4,100.0,2026-01-24T00:00:00
473,54,40,Midterm,midterm,66.1,100.0,2026-01-10T00:00:00
474,54,40,Final Exam,final,45.8,100.0,2026-01-03T00:00:00
475,54,36,Quiz 1,quiz,83.7,100.0,2025-11-04T00:00:00
476,54,36,Midterm,midterm,100.0,100.0,2025-12-21T00:00:00
477,54,36,Final Exam,final,56.9,100.0,2026-02-26T00:00:00
478,54,39,Quiz 1,quiz,84.4,100.0,2026-02-13T00:00:00
479,54,39,Midterm,midterm,57.4,100.0,2025-11-21T00:00:00
480,54,39,Final Exam,final,72.0,100.0,2026-03-01T00:00:00
481,54,35,Quiz 1,quiz,92.6,100.0,2026-02-21T00:00:00
482,54,35,Midterm,midterm,62.2,100.0,2026-01-12T00:00:00
483,54,35,Final Exam,final,69.8,100.0,2025-11-27T00:00:00
484,55,28,Quiz 1,quiz,43.0,100.0,2025-11-23T00:00:00
485,55,28,Midterm,midterm,60.0,100.0,2026-01-06T00:00:00
486,55,28,Final Exam,final,41.4,100.0,2026-02-19T00:00:00
487,55,25,Quiz 1,quiz,76.4,100.0,2026-01-05T00:00:00
488,55,25,Midterm,midterm,82.5,100.0,2026-02-27T00:00:00
489,55,25,Final Exam,final,66.7,100.0,2025-11-07T00:00:00
490,55,27,Quiz 1,quiz,74.3,100.0,2026-01-31T00:00:00
491,55,27,Midterm,midterm,65.1,100.0,2026-01-13T00:00:00
492,55,27,Final Exam,final,81.1,100.0,2026-01-11T00:00:00
493,55,26,Quiz 1,quiz,71.9,100.0,2026-02-27T00:00:00
494,55,26,Midterm,midterm,40.2,100.0,2025-11-28T00:00:00
495,55,26,Final Exam,final,84.1,100.0,2025-11-22T00:00:00
496,56,4,Quiz 1,quiz,64.2,100.0,2025-11-19T00:00:00
497,56,4,Midterm,midterm,50.9,100.0,2025-11-16T00:00:00
498,56,4,Final Exam,final,63.4,100.0,2025-11-06T00:00:00
499,56,2,Quiz 1,quiz,41.5,100.0,2026-02-13T00:00:00
500,56,2,Midterm,midterm,51.3,100.0,2025-11-15T00:00:00
501,56,2,Final Exam,final,72.1,100.0,2025-11-02T00:00:00
502,56,1,Quiz 1,quiz,73.4,100.0,2025-11-24T00:00:00
503,56,1,Midterm,midterm,74.6,100.0,2025-11-30T00:00:00
504,56,1,Final Exam,final,70.0,100.0,2025-11-23T00:00:00
505,56,3,Quiz 1,quiz,59.6,100.0,2026-02-22T00:00:00
506,56,3,Midterm,midterm,69.2,100.0,2025-11-01T00:00:00
507,56,3,Final Exam,final,63.4,100.0,2025-11-03T00:00:00
508,58,31,Quiz 1,quiz,45.6,100.0,2025-11-09T00:00:00
509,58,31,Midterm,midterm,58.4,100.0,2026-01-28T00:00:00
510,58,31,Final Exam,final,83.3,100.0,2026-01-06T00:00:00
511,58,33,Quiz 1,quiz,93.8,100.0,2025-12-20T00:00:00
512,58,33,Midterm,midterm,79.8,100.0,2025-12-30T00:00:00
513,58,33,Final Exam,final,93.2,100.0,2025-12-26T00:00:00
514,58,29,Quiz 1,quiz,71.3,100.0,2025-12-19T00:00:00
515,58,29,Midterm,midterm,96.1,100.0,2025-11-15T00:00:00
516,58,29,Final Exam,final,100.0,100.0,2025-11-06T00:00:00
517,59,16,Quiz 1,quiz,44.0,100.0,2026-02-25T00:00:00
518,59,16,Midterm,midterm,73.3,100.0,2025-11-04T00:00:00
519,59,16,Final Exam,final,71.3,100.0,2026-01-05T00:00:00
520,59,36,Quiz 1,quiz,63.6,100.0,2026-02-16T00:00:00
521,59,36,Midterm,midterm,77.4,100.0,2026-01-20T00:00:00
522,59,36,Final Exam,final,70.6,100.0,2026-01-16T00:00:00
523,59,31,Quiz 1,quiz,59.0,100.0,2026-01-25T00:00:00
524,59,31,Midterm,midterm,69.6,100.0,2026-02-20T00:00:00
525,59,31,Final Exam,final,88.1,100.0,2026-01-11T00:00:00
526,59,11,Quiz 1,quiz,72.7,100.0,2026-02-26T00:00:00
527,59,11,Midterm,midterm,79.4,100.0,2026-02-11T00:00:00
528,59,11,Final Exam,final,65.8,100.0,2026-01-26T00:00:00
529,60,34,Quiz 1,quiz,76.8,100.0,2026-01-01T00:00:00
530,60,34,Midterm,midterm,51.9,100.0,2026-01-31T00:00:00
531,60,34,Final Exam,final,62.5,100.0,2025-12-20T00:00:00
532,60,33,Quiz 1,quiz,68.5,100.0,2025-11-16T00:00:00
533,60,33,Midterm,midterm,50.9,100.0,2025-11-02T00:00:00
534,60,33,Final Exam,final,57.5,100.0,2026-01-10T00:00:00
535,60,32,Quiz 1,quiz,74.7,100.0,2025-11-11T00:00:00
536,60,32,Midterm,midterm,71.9,100.0,2026-02-13T00:00:00
537,60,32,Final Exam,final,82.1,100.0,2025-12-08T00:00:00
538,62,1,Quiz 1,quiz,61.0,100.0,2025-11-25T00:00:00
539,62,1,Midterm,midterm,70.9,100.0,2025-12-18T00:00:00
540,62,1,Final Exam,final,59.9,100.0,2025-12-20T00:00:00
541,62,3,Quiz 1,quiz,80.6,100.0,2026-02-10T00:00:00
542,62,3,Midterm,midterm,87.9,100.0,2025-11-12T00:00:00
543,62,3,Final Exam,final,77.2,100.0,2025-12-07T00:00:00
544,62,4,Quiz 1,quiz,85.9,100.0,2025-11-08T00:00:00
545,62,4,Midterm,midterm,70.5,100.0,2026-02-26T00:00:00
546,62,4,Final Exam,final,82.1,100.0,2026-02-01T00:00:00
547,62,2,Quiz 1,quiz,71.1,100.0,2025-12-01T00:00:00
548,62,2,Midterm,midterm,54.6,100.0,2026-02-23T00:00:00
549,62,2,Final Exam,final,73.7,100.0,2026-01-10T00:00:00
550,63,50,Quiz 1,quiz,55.1,100.0,2025-12-08T00:00:00
551,63,50,Midterm,midterm,100.0,100.0,2026-02-27T00:00:00
552,63,50,Final Exam,final,65.0,100.0,2025-12-11T00:00:00
553,63,48,Quiz 1,quiz,79.7,100.0,2026-01-23T00:00:00
554,63,48,Midterm,midterm,69.8,100.0,2025-12-02T00:00:00
555,63,48,Final Exam,final,51.5,100.0,2026-01-22T00:00:00
556,63,49,Quiz 1,quiz,41.5,100.0,2026-03-01T00:00:00
557,63,49,Midterm,midterm,81.2,100.0,2025-11-11T00:00:00
558,63,49,Final Exam,final,93.2,100.0,2026-01-15T00:00:00
559,64,7,Quiz 1,quiz,59.0,100.0,2026-01-05T00:00:00
560,64,7,Midterm,midterm,45.1,100.0,2026-02-05T00:00:00
561,64,7,Final Exam,final,65.1,100.0,2025-11-07T00:00:00
562,64,6,Quiz 1,quiz,55.9,100.0,2026-02-09T00:00:00
563,64,6,Midterm,midterm,60.2,100.0,2026-01-01T00:00:00
564,64,6,Final Exam,final,79.2,100.0,2025-12-06T00:00:00
565,64,5,Quiz 1,quiz,69.2,100.0,2025-12-24T00:00:00
566,64,5,Midterm,midterm,57.6,100.0,2026-02-09T00:00:00
567,64,5,Final Exam,final,78.8,100.0,2026-02-05T00:00:00
568,65,16,Quiz 1,quiz,80.0,100.0,2026-02-07T00:00:00
569,65,16,Midterm,midterm,64.9,100.0,2026-02-18T00:00:00
570,65,16,Final Exam,final,72.1,100.0,2026-01-10T00:00:00
571,65,14,Quiz 1,quiz,77.8,100.0,2026-01-22T00:00:00
572,65,14,Midterm,midterm,76.4,100.0,2025-11-18T00:00:00
573,65,14,Final Exam,final,70.6,100.0,2025-11-25T00:00:00
574,65,15,Quiz 1,quiz,91.5,100.0,2025-12-11T00:00:00
575,65,15,Midterm,midterm,78.7,100.0,2025-12-10T00:00:00
576,65,15,Final Exam,final,63.2,100.0,2025-12-23T00:00:00
577,66,45,Quiz 1,quiz,63.3,100.0,2026-02-19T00:00:00
578,66,45,Midterm,midterm,61.6,100.0,2026-01-15T00:00:00
579,66,45,Final Exam,final,79.5,100.0,2025-12-11T00:00:00
580,66,46,Quiz 1,quiz,60.7,100.0,2026-02-15T00:00:00
581,66,46,Midterm,midterm,63.6,100.0,2026-01-26T00:00:00
582,66,46,Final Exam,final,85.9,100.0,2026-02-10T00:00:00
583,67,7,Quiz 1,quiz,72.9,100.0,2025-11-13T00:00:00
584,67,7,Midterm,midterm,88.0,100.0,2025-11-05T00:00:00
585,67,7,Final Exam,final,82.0,100.0,2025-11-01T00:00:00
586,67,5,Quiz 1,quiz,52.3,100.0,2025-11-26T00:00:00
587,67,5,Midterm,midterm,68.5,100.0,2026-02-02T00:00:00
588,67,5,Final Exam,final,84.8,100.0,2026-02-07T00:00:00
589,67,6,Quiz 1,quiz,51.7,100.0,2025-11-03T00:00:00
590,67,6,Midterm,midterm,76.3,100.0,2025-12-29T00:00:00
591,67,6,Final Exam,final,69.4,100.0,2026-02-15T00:00:00
592,68,5,Quiz 1,quiz,43.7,100.0,2026-02-05T00:00:00
593,68,5,Midterm,midterm,71.8,100.0,2025-12-22T00:00:00
594,68,5,Final Exam,final,57.4,100.0,2026-02-26T00:00:00
595,68,6,Quiz 1,quiz,52.5,100.0,2025-11-24T00:00:00
596,68,6,Midterm,midterm,70.1,100.0,2025-11-01T00:00:00
597,68,6,Final Exam,final,41.0,100.0,2025-12-18T00:00:00
598,68,7,Quiz 1,quiz,59.9,100.0,2026-02-13T00:00:00
599,68,7,Midterm,midterm,100.0,100.0,2026-02-13T00:00:00
600,68,7,Final Exam,final,79.8,100.0,2025-12-06T00:00:00
601,69,46,Quiz 1,quiz,56.8,100.0,2026-03-01T00:00:00
602,69,46,Midterm,midterm,91.1,100.0,2025-12-13T00:00:00
603,69,46,Final Exam,final,55.1,100.0,2026-02-04T00:00:00
604,69,47,Quiz 1,quiz,61.7,100.0,2026-01-15T00:00:00
605,69,47,Midterm,midterm,52.8,100.0,2025-12-19T00:00:00
606,69,47,Final Exam,final,73.8,100.0,2025-12-27T00:00:00
607,69,45,Quiz 1,quiz,90.5,100.0,2026-02-15T00:00:00
608,69,45,Midterm,midterm,55.0,100.0,2025-11-10T00:00:00
609,69,45,Final Exam,final,39.1,100.0,2025-12-13T00:00:00
610,71,13,Quiz 1,quiz,86.4,100.0,2025-11-03T00:00:00
611,71,13,Midterm,midterm,93.3,100.0,2026-02-24T00:00:00
612,71,13,Final Exam,final,40.1,100.0,2026-01-28T00:00:00
613,71,12,Quiz 1,quiz,76.9,100.0,2025-11-06T00:00:00
614,71,12,Midterm,midterm,73.4,100.0,2025-12-26T00:00:00
615,71,12,Final Exam,final,58.2,100.0,2025-12-26T00:00:00
616,71,10,Quiz 1,quiz,49.1,100.0,2026-02-23T00:00:00
617,71,10,Midterm,midterm,84.9,100.0,2026-01-25T00:00:00
618,71,10,Final Exam,final,72.7,100.0,2025-12-20T00:00:00
619,72,7,Quiz 1,quiz,73.8,100.0,2025-12-25T00:00:00
620,72,7,Midterm,midterm,60.7,100.0,2025-12-05T00:00:00
621,72,7,Final Exam,final,58.0,100.0,2025-11-12T00:00:00
622,72,5,Quiz 1,quiz,33.2,100.0,2025-11-10T00:00:00
623,72,5,Midterm,midterm,66.6,100.0,2025-11-02T00:00:00
624,72,5,Final Exam,final,91.6,100.0,2026-02-24T00:00:00
625,72,6,Quiz 1,quiz,56.6,100.0,2026-01-22T00:00:00
626,72,6,Midterm,midterm,47.2,100.0,2025-12-21T00:00:00
627,72,6,Final Exam,final,76.5,100.0,2026-02-26T00:00:00
628,73,5,Quiz 1,quiz,79.3,100.0,2025-12-18T00:00:00
629,73,5,Midterm,midterm,61.2,100.0,2025-12-09T00:00:00
630,73,5,Final Exam,final,64.8,100.0,2026-02-20T00:00:00
631,73,6,Quiz 1,quiz,74.0,100.0,2025-11-12T00:00:00
632,73,6,Midterm,midterm,67.7,100.0,2026-01-30T00:00:00
633,73,6,Final Exam,final,85.0,100.0,2025-11-12T00:00:00
634,73,7,Quiz 1,quiz,100.0,100.0,2026-01-30T00:00:00
635,73,7,Midterm,midterm,44.4,100.0,2026-02-16T00:00:00
636,73,7,Final Exam,final,88.4,100.0,2026-02-23T00:00:00
637,74,44,Quiz 1,quiz,71.6,100.0,2026-03-01T00:00:00
638,74,44,Midterm,midterm,90.8,100.0,2025-11-29T00:00:00
639,74,44,Final Exam,final,80.9,100.0,2025-12-07T00:00:00
640,74,42,Quiz 1,quiz,70.9,100.0,2025-11-01T00:00:00
641,74,42,Midterm,midterm,81.4,100.0,2026-02-12T00:00:00
642,74,42,Final Exam,final,64.1,100.0,2025-12-28T00:00:00
643,74,43,Quiz 1,quiz,58.4,100.0,2026-01-09T00:00:00
644,74,43,Midterm,midterm,82.2,100.0,2025-12-12T00:00:00
645,74,43,Final Exam,final,57.3,100.0,2025-11-13T00:00:00
646,75,3,Quiz 1,quiz,79.6,100.0,2025-12-22T00:00:00
647,75,3,Midterm,midterm,70.5,100.0,2026-01-18T00:00:00
648,75,3,Final Exam,final,35.1,100.0,2026-02-13T00:00:00
649,75,1,Quiz 1,quiz,61.4,100.0,2026-02-27T00:00:00
650,75,1,Midterm,midterm,75.0,100.0,2026-02-26T00:00:00
651,75,1,Final Exam,final,63.9,100.0,2026-01-15T00:00:00
652,75,4,Quiz 1,quiz,31.8,100.0,2025-12-05T00:00:00
653,75,4,Midterm,midterm,89.8,100.0,2026-02-07T00:00:00
654,75,4,Final Exam,final,72.5,100.0,2026-01-19T00:00:00
655,77,6,Quiz 1,quiz,76.7,100.0,2025-12-31T00:00:00
656,77,6,Midterm,midterm,62.9,100.0,2025-11-06T00:00:00
657,77,6,Final Exam,final,78.0,100.0,2026-01-06T00:00:00
658,77,5,Quiz 1,quiz,97.5,100.0,2026-01-18T00:00:00
659,77,5,Midterm,midterm,59.0,100.0,2025-11-02T00:00:00
660,77,5,Final Exam,final,95.0,100.0,2025-12-18T00:00:00
661,77,7,Quiz 1,quiz,76.0,100.0,2026-02-07T00:00:00
662,77,7,Midterm,midterm,57.0,100.0,2026-01-11T00:00:00
663,77,7,Final Exam,final,100.0,100.0,2026-02-06T00:00:00
664,78,49,Quiz 1,quiz,75.9,100.0,2025-11-25T00:00:00
665,78,49,Midterm,midterm,80.1,100.0,2025-12-26T00:00:00
666,78,49,Final Exam,final,66.0,100.0,2025-12-24T00:00:00
667,78,48,Quiz 1,quiz,58.1,100.0,2026-01-10T00:00:00
668,78,48,Midterm,midterm,72.5,100.0,2025-11-26T00:00:00
669,78,48,Final Exam,final,93.7,100.0,2025-12-08T00:00:00
670,78,50,Quiz 1,quiz,65.4,100.0,2026-01-10T00:00:00
671,78,50,Midterm,midterm,69.6,100.0,2025-11-19T00:00:00
672,78,50,Final Exam,final,91.8,100.0,2025-12-19T00:00:00
673,79,45,Quiz 1,quiz,65.5,100.0,2026-01-08T00:00:00
674,79,45,Midterm,midterm,77.7,100.0,2026-02-01T00:00:00
675,79,45,Final Exam,final,83.2,100.0,2026-01-12T00:00:00
676,79,47,Quiz 1,quiz,67.0,100.0,2026-01-12T00:00:00
677,79,47,Midterm,midterm,74.6,100.0,2026-01-19T00:00:00
678,79,47,Final Exam,final,79.9,100.0,2025-12-22T00:00:00
679,79,46,Quiz 1,quiz,64.0,100.0,2025-11-21T00:00:00
680,79,46,Midterm,midterm,82.2,100.0,2025-12-20T00:00:00
681,79,46,Final Exam,final,61.8,100.0,2026-01-17T00:00:00
682,80,48,Quiz 1,quiz,59.9,100.0,2025-12-29T00:00:00
683,80,48,Midterm,midterm,47.1,100.0,2026-02-09T00:00:00
684,80,48,Final Exam,final,62.4,100.0,2025-11-02T00:00:00
685,80,49,Quiz 1,quiz,57.8,100.0,2026-01-07T00:00:00
686,80,49,Midterm,midterm,64.0,100.0,2025-11-30T00:00:00
687,80,49,Final Exam,final,79.2,100.0,2026-01-09T00:00:00
688,80,50,Quiz 1,quiz,44.1,100.0,2025-12-26T00:00:00
689,80,50,Midterm,midterm,40.4,100.0,2026-01-11T00:00:00
690,80,50,Final Exam,final,58.8,100.0,2026-01-11T00:00:00
691,81,7,Quiz 1,quiz,76.9,100.0,2026-01-06T00:00:00
692,81,7,Midterm,midterm,74.3,100.0,2026-02-23T00:00:00
693,81,7,Final Exam,final,58.5,100.0,2026-01-21T00:00:00
694,81,5,Quiz 1,quiz,87.5,100.0,2026-01-12T00:00:00
695,81,5,Midterm,midterm,60.1,100.0,2025-11-16T00:00:00
696,81,5,Final Exam,final,76.9,100.0,2025-12-31T00:00:00
697,81,6,Quiz 1,quiz,64.6,100.0,2026-01-07T00:00:00
698,81,6,Midterm,midterm,57.0,100.0,2026-01-27T00:00:00
699,81,6,Final Exam,final,60.9,100.0,2026-01-24T00:00:00
700,82,38,Quiz 1,quiz,81.0,100.0,2026-01-22T00:00:00
701,82,38,Midterm,midterm,75.4,100.0,2026-01-02T00:00:00
702,82,38,Final Exam,final,84.5,100.0,2026-02-09T00:00:00
703,82,37,Quiz 1,quiz,75.4,100.0,2026-01-18T00:00:00
704,82,37,Midterm,midterm,45.8,100.0,2025-11-10T00:00:00
705,82,37,Final Exam,final,100.0,100.0,2025-12-17T00:00:00
706,82,35,Quiz 1,quiz,75.6,100.0,2025-11-04T00:00:00
707,82,35,Midterm,midterm,77.7,100.0,2025-12-18T00:00:00
708,82,35,Final Exam,final,64.3,100.0,2026-02-11T00:00:00
709,82,40,Quiz 1,quiz,86.7,100.0,2026-01-15T00:00:00
710,82,40,Midterm,midterm,53.6,100.0,2025-12-25T00:00:00
711,82,40,Final Exam,final,79.1,100.0,2025-11-24T00:00:00
712,82,36,Quiz 1,quiz,38.8,100.0,2025-12-17T00:00:00
713,82,36,Midterm,midterm,80.2,100.0,2025-12-29T00:00:00
714,82,36,Final Exam,final,53.8,100.0,2026-02-17T00:00:00
715,82,39,Quiz 1,quiz,74.2,100.0,2025-11-10T00:00:00
716,82,39,Midterm,midterm,90.4,100.0,2026-01-12T00:00:00
717,82,39,Final Exam,final,82.3,100.0,2025-12-29T00:00:00
718,83,6,Quiz 1,quiz,88.4,100.0,2026-02-23T00:00:00
719,83,6,Midterm,midterm,86.8,100.0,2025-12-19T00:00:00
720,83,6,Final Exam,final,62.1,100.0,2025-11-03T00:00:00
721,83,5,Quiz 1,quiz,79.0,100.0,2026-01-28T00:00:00
722,83,5,Midterm,midterm,44.1,100.0,2026-01-16T00:00:00
723,83,5,Final Exam,final,59.7,100.0,2025-12-01T00:00:00
724,83,7,Quiz 1,quiz,90.9,100.0,2025-11-17T00:00:00
725,83,7,Midterm,midterm,64.2,100.0,2025-11-03T00:00:00
726,83,7,Final Exam,final,42.0,100.0,2026-03-01T00:00:00
727,84,31,Quiz 1,quiz,100.0,100.0,2025-11-12T00:00:00
728,84,31,Midterm,midterm,78.4,100.0,2025-11-17T00:00:00
729,84,31,Final Exam,final,81.5,100.0,2025-12-26T00:00:00
730,84,30,Quiz 1,quiz,55.3,100.0,2026-02-21T00:00:00
731,84,30,Midterm,midterm,74.3,100.0,2026-01-29T00:00:00
732,84,30,Final Exam,final,73.9,100.0,2026-02-06T00:00:00
733,84,29,Quiz 1,quiz,57.7,100.0,2025-12-16T00:00:00
734,84,29,Midterm,midterm,67.5,100.0,2025-12-29T00:00:00
735,84,29,Final Exam,final,47.5,100.0,2026-02-17T00:00:00
736,84,32,Quiz 1,quiz,64.8,100.0,2026-01-20T00:00:00
737,84,32,Midterm,midterm,84.6,100.0,2026-01-06T00:00:00
738,84,32,Final Exam,final,58.8,100.0,2026-01-13T00:00:00
739,84,34,Quiz 1,quiz,98.6,100.0,2026-01-11T00:00:00
740,84,34,Midterm,midterm,48.5,100.0,2026-02-15T00:00:00
741,84,34,Final Exam,final,66.1,100.0,2026-02-20T00:00:00
742,85,30,Quiz 1,quiz,60.2,100.0,2025-11-24T00:00:00
743,85,30,Midterm,midterm,67.3,100.0,2025-12-19T00:00:00
744,85,30,Final Exam,final,90.6,100.0,2025-11-02T00:00:00
745,85,31,Quiz 1,quiz,55.2,100.0,2025-12-09T00:00:00
746,85,31,Midterm,midterm,63.2,100.0,2025-11-11T00:00:00
747,85,31,Final Exam,final,79.8,100.0,2026-01-10T00:00:00
748,85,33,Quiz 1,quiz,71.4,100.0,2026-02-18T00:00:00
749,85,33,Midterm,midterm,72.6,100.0,2025-11-01T00:00:00
750,85,33,Final Exam,final,55.5,100.0,2026-02-06T00:00:00
751,86,6,Quiz 1,quiz,68.9,100.0,2026-03-01T00:00:00
752,86,6,Midterm,midterm,87.0,100.0,2026-02-23T00:00:00
753,86,6,Final Exam,final,45.9,100.0,2026-01-13T00:00:00
754,86,5,Quiz 1,quiz,59.5,100.0,2025-12-18T00:00:00
755,86,5,Midterm,midterm,42.8,100.0,2026-02-28T00:00:00
756,86,5,Final Exam,final,78.1,100.0,2025-11-18T00:00:00
757,86,7,Quiz 1,quiz,88.4,100.0,2026-03-01T00:00:00
758,86,7,Midterm,midterm,67.2,100.0,2025-11-10T00:00:00
759,86,7,Final Exam,final,54.9,100.0,2026-02-09T00:00:00
760,87,26,Quiz 1,quiz,55.4,100.0,2025-12-30T00:00:00
761,87,26,Midterm,midterm,65.5,100.0,2025-12-17T00:00:00
762,87,26,Final Exam,final,65.5,100.0,2025-12-13T00:00:00
763,87,28,Quiz 1,quiz,83.7,100.0,2026-01-05T00:00:00
764,87,28,Midterm,midterm,60.0,100.0,2025-12-11T00:00:00
765,87,28,Final Exam,final,76.5,100.0,2025-11-16T00:00:00
766,87,27,Quiz 1,quiz,65.4,100.0,2025-12-29T00:00:00
767,87,27,Midterm,midterm,58.8,100.0,2026-01-02T00:00:00
768,87,27,Final Exam,final,65.0,100.0,2025-12-29T00:00:00
769,88,5,Quiz 1,quiz,75.0,100.0,2025-12-08T00:00:00
770,88,5,Midterm,midterm,83.7,100.0,2026-01-30T00:00:00
771,88,5,Final Exam,final,66.2,100.0,2025-11-12T00:00:00
772,88,7,Quiz 1,quiz,51.9,100.0,2026-01-25T00:00:00
773,88,7,Midterm,midterm,85.0,100.0,2026-02-04T00:00:00
774,88,7,Final Exam,final,56.5,100.0,2025-11-18T00:00:00
775,88,6,Quiz 1,quiz,73.9,100.0,2026-01-02T00:00:00
776,88,6,Midterm,midterm,69.6,100.0,2025-12-08T00:00:00
777,88,6,Final Exam,final,67.6,100.0,2025-12-20T00:00:00
778,89,8,Quiz 1,quiz,62.7,100.0,2026-01-17T00:00:00
779,89,8,Midterm,midterm,79.3,100.0,2025-11-24T00:00:00
780,89,8,Final Exam,final,16.3,100.0,2026-02-09T00:00:00
781,89,11,Quiz 1,quiz,87.0,100.0,2025-11-10T00:00:00
782,89,11,Midterm,midterm,56.3,100.0,2025-11-13T00:00:00
783,89,11,Final Exam,final,76.1,100.0,2026-01-09T00:00:00
784,89,10,Quiz 1,quiz,75.3,100.0,2026-01-26T00:00:00
785,89,10,Midterm,midterm,89.1,100.0,2026-02-11T00:00:00
786,89,10,Final Exam,final,73.0,100.0,2026-02-15T00:00:00
787,90,6,Quiz 1,quiz,57.6,100.0,2026-01-22T00:00:00
788,90,6,Midterm,midterm,45.9,100.0,2026-01-10T00:00:00
789,90,6,Final Exam,final,64.8,100.0,2025-11-19T00:00:00
790,90,7,Quiz 1,quiz,40.6,100.0,2025-12-06T00:00:00
791,90,7,Midterm,midterm,60.6,100.0,2025-11-12T00:00:00
792,90,7,Final Exam,final,65.6,100.0,2026-01-17T00:00:00
793,90,5,Quiz 1,quiz,59.7,100.0,2026-01-31T00:00:00
794,90,5,Midterm,midterm,70.6,100.0,2026-01-15T00:00:00
795,90,5,Final Exam,final,66.5,100.0,2025-12-22T00:00:00
796,91,6,Quiz 1,quiz,65.1,100.0,2026-03-01T00:00:00
797,91,6,Midterm,midterm,33.6,100.0,2025-11-18T00:00:00
798,91,6,Final Exam,final,50.6,100.0,2025-12-26T00:00:00
799,91,5,Quiz 1,quiz,79.6,100.0,2025-12-05T00:00:00
800,91,5,Midterm,midterm,82.1,100.0,2025-11-23T00:00:00
801,91,5,Final Exam,final,42.4,100.0,2025-11-21T00:00:00
802,93,14,Quiz 1,quiz,57.8,100.0,2025-11-19T00:00:00
803,93,14,Midterm,midterm,86.1,100.0,2026-01-17T00:00:00
804,93,14,Final Exam,final,59.2,100.0,2026-03-01T00:00:00
805,93,16,Quiz 1,quiz,68.3,100.0,2026-01-01T00:00:00
806,93,16,Midterm,midterm,91.6,100.0,2025-12-13T00:00:00
807,93,16,Final Exam,final,64.6,100.0,2026-01-05T00:00:00
808,93,17,Quiz 1,quiz,62.4,100.0,2026-01-15T00:00:00
809,93,17,Midterm,midterm,67.6,100.0,2025-11-10T00:00:00
810,93,17,Final Exam,final,97.8,100.0,2025-12-28T00:00:00
811,93,15,Quiz 1,quiz,76.7,100.0,2025-11-07T00:00:00
812,93,15,Midterm,midterm,70.3,100.0,2026-02-12T00:00:00
813,93,15,Final Exam,final,62.1,100.0,2026-01-30T00:00:00
814,93,18,Quiz 1,quiz,78.1,100.0,2026-02-21T00:00:00
815,93,18,Midterm,midterm,79.9,100.0,2026-02-25T00:00:00
816,93,18,Final Exam,final,53.9,100.0,2026-02-22T00:00:00
817,94,1,Quiz 1,quiz,80.3,100.0,2025-12-04T00:00:00
818,94,1,Midterm,midterm,67.7,100.0,2026-02-01T00:00:00
819,94,1,Final Exam,final,70.4,100.0,2026-02-02T00:00:00
820,94,3,Quiz 1,quiz,56.7,100.0,2025-12-17T00:00:00
821,94,3,Midterm,midterm,64.0,100.0,2025-12-05T00:00:00
822,94,3,Final Exam,final,54.5,100.0,2026-02-26T00:00:00
823,94,2,Quiz 1,quiz,53.8,100.0,2025-11-17T00:00:00
824,94,2,Midterm,midterm,75.7,100.0,2025-11-14T00:00:00
825,94,2,Final Exam,final,64.7,100.0,2026-02-14T00:00:00
826,94,4,Quiz 1,quiz,50.5,100.0,2026-01-10T00:00:00
827,94,4,Midterm,midterm,100.0,100.0,2025-12-15T00:00:00
828,94,4,Final Exam,final,53.1,100.0,2026-01-27T00:00:00
829,95,29,Quiz 1,quiz,86.4,100.0,2025-12-08T00:00:00
830,95,29,Midterm,midterm,47.9,100.0,2025-12-18T00:00:00
831,95,29,Final Exam,final,76.8,100.0,2026-01-02T00:00:00
832,95,34,Quiz 1,quiz,66.2,100.0,2026-02-15T00:00:00
833,95,34,Midterm,midterm,60.6,100.0,2026-02-15T00:00:00
834,95,34,Final Exam,final,73.0,100.0,2025-11-06T00:00:00
835,95,33,Quiz 1,quiz,70.9,100.0,2025-12-11T00:00:00
836,95,33,Midterm,midterm,57.8,100.0,2025-12-26T00:00:00
837,95,33,Final Exam,final,57.1,100.0,2026-02-08T00:00:00
838,95,30,Quiz 1,quiz,46.4,100.0,2026-01-04T00:00:00
839,95,30,Midterm,midterm,74.6,100.0,2025-11-17T00:00:00
840,95,30,Final Exam,final,51.2,100.0,2025-11-01T00:00:00
841,95,32,Quiz 1,quiz,70.1,100.0,2026-02-17T00:00:00
842,95,32,Midterm,midterm,78.9,100.0,2026-01-13T00:00:00
843,95,32,Final Exam,final,73.1,100.0,2025-11-19T00:00:00
844,98,41,Quiz 1,quiz,59.2,100.0,2025-11-17T00:00:00
845,98,41,Midterm,midterm,83.6,100.0,2026-02-17T00:00:00
846,98,41,Final Exam,final,63.9,100.0,2026-02-20T00:00:00
847,98,44,Quiz 1,quiz,50.0,100.0,2025-12-17T00:00:00
848,98,44,Midterm,midterm,65.7,100.0,2026-01-03T00:00:00
849,98,44,Final Exam,final,78.8,100.0,2026-02-15T00:00:00
850,98,43,Quiz 1,quiz,59.9,100.0,2025-11-01T00:00:00
851,98,43,Midterm,midterm,83.2,100.0,2026-01-30T00:00:00
852,98,43,Final Exam,final,58.4,100.0,2026-01-13T00:00:00
853,98,42,Quiz 1,quiz,60.5,100.0,2025-11-03T00:00:00
854,98,42,Midterm,midterm,54.3,100.0,2026-03-01T00:00:00
855,98,42,Final Exam,final,80.3,100.0,2026-02-02T00:00:00
856,100,25,Quiz 1,quiz,69.2,100.0,2025-11-07T00:00:00
857,100,25,Midterm,midterm,55.3,100.0,2025-11-09T00:00:00
858,100,25,Final Exam,final,64.1,100.0,2026-01-20T00:00:00
859,100,26,Quiz 1,quiz,23.9,100.0,2025-12-22T00:00:00
860,100,26,Midterm,midterm,81.7,100.0,2025-11-29T00:00:00
861,100,26,Final Exam,final,67.4,100.0,2026-02-27T00:00:00
862,100,28,Quiz 1,quiz,33.9,100.0,2026-01-30T00:00:00
863,100,28,Midterm,midterm,48.1,100.0,2026-02-24T00:00:00
864,100,28,Final Exam,final,63.7,100.0,2025-12-14T00:00:00
865,101,41,Quiz 1,quiz,50.3,100.0,2025-12-23T00:00:00
866,101,41,Midterm,midterm,81.9,100.0,2025-12-06T00:00:00
867,101,41,Final Exam,final,76.3,100.0,2025-11-07T00:00:00
868,101,43,Quiz 1,quiz,75.4,100.0,2025-12-29T00:00:00
869,101,43,Midterm,midterm,30.9,100.0,2025-11-22T00:00:00
870,101,43,Final Exam,final,62.1,100.0,2025-11-28T00:00:00
871,101,42,Quiz 1,quiz,59.5,100.0,2026-02-14T00:00:00
872,101,42,Midterm,midterm,55.7,100.0,2025-11-18T00:00:00
873,101,42,Final Exam,final,63.8,100.0,2025-12-06T00:00:00
874,103,2,Quiz 1,quiz,53.1,100.0,2026-02-17T00:00:00
875,103,2,Midterm,midterm,73.2,100.0,2026-02-19T00:00:00
876,103,2,Final Exam,final,81.5,100.0,2025-12-31T00:00:00
877,103,4,Quiz 1,quiz,80.2,100.0,2025-11-23T00:00:00
878,103,4,Midterm,midterm,67.9,100.0,2026-01-04T00:00:00
879,103,4,Final Exam,final,100.0,100.0,2025-11-21T00:00:00
880,103,1,Quiz 1,quiz,87.1,100.0,2026-02-26T00:00:00
881,103,1,Midterm,midterm,68.5,100.0,2026-01-11T00:00:00
882,103,1,Final Exam,final,62.8,100.0,2026-01-18T00:00:00
883,104,46,Quiz 1,quiz,90.1,100.0,2025-12-12T00:00:00
884,104,46,Midterm,midterm,85.1,100.0,2026-02-22T00:00:00
885,104,46,Final Exam,final,48.8,100.0,2026-02-01T00:00:00
886,104,45,Quiz 1,quiz,86.3,100.0,2026-02-22T00:00:00
887,104,45,Midterm,midterm,67.7,100.0,2026-02-09T00:00:00
888,104,45,Final Exam,final,57.1,100.0,2025-12-06T00:00:00
889,104,47,Quiz 1,quiz,40.3,100.0,2025-11-01T00:00:00
890,104,47,Midterm,midterm,66.0,100.0,2025-11-08T00:00:00
891,104,47,Final Exam,final,69.8,100.0,2025-11-12T00:00:00
892,105,42,Quiz 1,quiz,93.8,100.0,2026-01-02T00:00:00
893,105,42,Midterm,midterm,84.4,100.0,2026-01-06T00:00:00
894,105,42,Final Exam,final,61.3,100.0,2026-01-23T00:00:00
895,105,41,Quiz 1,quiz,75.8,100.0,2026-02-25T00:00:00
896,105,41,Midterm,midterm,82.4,100.0,2026-02-13T00:00:00
897,105,41,Final Exam,final,71.3,100.0,2026-01-06T00:00:00
898,105,43,Quiz 1,quiz,61.2,100.0,2025-11-24T00:00:00
899,105,43,Midterm,midterm,62.0,100.0,2025-11-21T00:00:00
900,105,43,Final Exam,final,75.8,100.0,2026-01-28T00:00:00
901,105,44,Quiz 1,quiz,76.2,100.0,2025-12-04T00:00:00
902,105,44,Midterm,midterm,65.6,100.0,2026-01-31T00:00:00
903,105,44,Final Exam,final,30.7,100.0,2025-12-28T00:00:00
904,106,13,Quiz 1,quiz,50.6,100.0,2025-12-01T00:00:00
905,106,13,Midterm,midterm,79.3,100.0,2025-11-12T00:00:00
906,106,13,Final Exam,final,38.0,100.0,2025-11-18T00:00:00
907,106,10,Quiz 1,quiz,87.8,100.0,2025-12-24T00:00:00
908,106,10,Midterm,midterm,85.5,100.0,2025-11-10T00:00:00
909,106,10,Final Exam,final,70.6,100.0,2025-12-20T00:00:00
910,106,12,Quiz 1,quiz,79.0,100.0,2026-03-01T00:00:00
911,106,12,Midterm,midterm,77.9,100.0,2026-02-28T00:00:00
912,106,12,Final Exam,final,68.2,100.0,2026-01-09T00:00:00
913,107,50,Quiz 1,quiz,49.4,100.0,2026-02-27T00:00:00
914,107,50,Midterm,midterm,84.5,100.0,2026-02-28T00:00:00
915,107,50,Final Exam,final,91.1,100.0,2026-02-10T00:00:00
916,107,48,Quiz 1,quiz,51.9,100.0,2026-02-07T00:00:00
917,107,48,Midterm,midterm,48.8,100.0,2025-12-18T00:00:00
918,107,48,Final Exam,final,67.9,100.0,2025-11-01T00:00:00
919,107,49,Quiz 1,quiz,60.6,100.0,2026-01-01T00:00:00
920,107,49,Midterm,midterm,72.2,100.0,2025-11-09T00:00:00
921,107,49,Final Exam,final,88.1,100.0,2025-11-08T00:00:00
922,108,11,Quiz 1,quiz,36.3,100.0,2026-02-09T00:00:00
923,108,11,Midterm,midterm,93.7,100.0,2025-12-15T00:00:00
924,108,11,Final Exam,final,63.9,100.0,2026-03-01T00:00:00
925,108,12,Quiz 1,quiz,77.7,100.0,2026-01-11T00:00:00
926,108,12,Midterm,midterm,79.3,100.0,2026-01-22T00:00:00
927,108,12,Final Exam,final,81.0,100.0,2026-01-29T00:00:00
928,108,10,Quiz 1,quiz,70.9,100.0,2026-02-05T00:00:00
929,108,10,Midterm,midterm,74.4,100.0,2025-11-08T00:00:00
930,108,10,Final Exam,final,74.3,100.0,2025-11-12T00:00:00
931,108,8,Quiz 1,quiz,60.5,100.0,2025-11-15T00:00:00
932,108,8,Midterm,midterm,43.6,100.0,2026-01-13T00:00:00
933,108,8,Final Exam,final,51.7,100.0,2025-12-18T00:00:00
934,108,13,Quiz 1,quiz,68.4,100.0,2025-11-01T00:00:00
935,108,13,Midterm,midterm,58.2,100.0,2026-01-18T00:00:00
936,108,13,Final Exam,final,58.2,100.0,2025-11-23T00:00:00
937,109,13,Quiz 1,quiz,97.0,100.0,2026-02-17T00:00:00
938,109,13,Midterm,midterm,82.9,100.0,2025-12-30T00:00:00
939,109,13,Final Exam,final,66.2,100.0,2026-02-22T00:00:00
940,109,11,Quiz 1,quiz,80.1,100.0,2026-02-12T00:00:00
941,109,11,Midterm,midterm,63.7,100.0,2025-11-14T00:00:00
942,109,11,Final Exam,final,71.7,100.0,2026-02-13T00:00:00
943,109,10,Quiz 1,quiz,76.6,100.0,2026-01-24T00:00:00
944,109,10,Midterm,midterm,63.7,100.0,2025-11-12T00:00:00
945,109,10,Final Exam,final,59.7,100.0,2025-12-11T00:00:00
946,109,9,Quiz 1,quiz,88.4,100.0,2025-11-24T00:00:00
947,109,9,Midterm,midterm,79.2,100.0,2025-12-25T00:00:00
948,109,9,Final Exam,final,36.2,100.0,2025-11-11T00:00:00
949,110,48,Quiz 1,quiz,60.0,100.0,2026-02-04T00:00:00
950,110,48,Midterm,midterm,58.3,100.0,2026-02-21T00:00:00
951,110,48,Final Exam,final,60.7,100.0,2025-11-06T00:00:00
952,110,27,Quiz 1,quiz,82.9,100.0,2026-02-04T00:00:00
953,110,27,Midterm,midterm,70.3,100.0,2025-12-17T00:00:00
954,110,27,Final Exam,final,49.2,100.0,2025-11-30T00:00:00
955,110,13,Quiz 1,quiz,64.3,100.0,2026-02-13T00:00:00
956,110,13,Midterm,midterm,78.1,100.0,2026-02-19T00:00:00
957,110,13,Final Exam,final,66.7,100.0,2026-02-10T00:00:00
958,111,44,Quiz 1,quiz,60.3,100.0,2025-12-27T00:00:00
959,111,44,Midterm,midterm,75.0,100.0,2025-11-07T00:00:00
960,111,44,Final Exam,final,94.3,100.0,2026-02-14T00:00:00
961,111,43,Quiz 1,quiz,76.9,100.0,2026-01-12T00:00:00
962,111,43,Midterm,midterm,89.5,100.0,2025-11-18T00:00:00
963,111,43,Final Exam,final,61.3,100.0,2025-11-26T00:00:00
964,111,41,Quiz 1,quiz,69.9,100.0,2025-11-06T00:00:00
965,111,41,Midterm,midterm,69.6,100.0,2025-11-05T00:00:00
966,111,41,Final Exam,final,71.8,100.0,2025-12-30T00:00:00
967,112,5,Quiz 1,quiz,76.6,100.0,2025-11-10T00:00:00
968,112,5,Midterm,midterm,56.2,100.0,2026-02-12T00:00:00
969,112,5,Final Exam,final,79.7,100.0,2025-12-26T00:00:00
970,112,7,Quiz 1,quiz,45.6,100.0,2026-01-15T00:00:00
971,112,7,Midterm,midterm,50.0,100.0,2025-12-11T00:00:00
972,112,7,Final Exam,final,100.0,100.0,2026-01-27T00:00:00
973,112,6,Quiz 1,quiz,62.3,100.0,2025-11-02T00:00:00
974,112,6,Midterm,midterm,80.9,100.0,2025-11-01T00:00:00
975,112,6,Final Exam,final,95.5,100.0,2026-01-01T00:00:00
976,113,2,Quiz 1,quiz,35.3,100.0,2025-12-03T00:00:00
977,113,2,Midterm,midterm,86.9,100.0,2026-02-24T00:00:00
978,113,2,Final Exam,final,79.7,100.0,2026-01-29T00:00:00
979,113,1,Quiz 1,quiz,94.6,100.0,2026-02-15T00:00:00
980,113,1,Midterm,midterm,52.3,100.0,2026-01-23T00:00:00
981,113,1,Final Exam,final,91.8,100.0,2025-11-12T00:00:00
982,113,4,Quiz 1,quiz,58.9,100.0,2026-02-21T00:00:00
983,113,4,Midterm,midterm,85.8,100.0,2026-01-04T00:00:00
984,113,4,Final Exam,final,69.5,100.0,2026-01-13T00:00:00
985,114,13,Quiz 1,quiz,81.6,100.0,2026-02-09T00:00:00
986,114,13,Midterm,midterm,70.7,100.0,2025-12-10T00:00:00
987,114,13,Final Exam,final,42.4,100.0,2026-01-11T00:00:00
988,114,11,Quiz 1,quiz,23.2,100.0,2026-01-31T00:00:00
989,114,11,Midterm,midterm,73.1,100.0,2025-12-12T00:00:00
990,114,11,Final Exam,final,66.0,100.0,2026-01-29T00:00:00
991,114,9,Quiz 1,quiz,76.0,100.0,2025-12-08T00:00:00
992,114,9,Midterm,midterm,66.2,100.0,2025-11-30T00:00:00
993,114,9,Final Exam,final,100.0,100.0,2026-02-12T00:00:00
994,115,11,Quiz 1,quiz,73.5,100.0,2026-01-22T00:00:00
995,115,11,Midterm,midterm,63.3,100.0,2025-11-19T00:00:00
996,115,11,Final Exam,final,75.1,100.0,2026-02-11T00:00:00
997,115,8,Quiz 1,quiz,63.6,100.0,2026-01-12T00:00:00
998,115,8,Midterm,midterm,71.4,100.0,2026-01-06T00:00:00
999,115,8,Final Exam,final,51.7,100.0,2025-12-30T00:00:00
1000,115,12,Quiz 1,quiz,69.9,100.0,2025-12-23T00:00:00
1001,115,12,Midterm,midterm,62.8,100.0,2026-01-15T00:00:00
1002,115,12,Final Exam,final,53.2,100.0,2026-01-11T00:00:00
1003,116,49,Quiz 1,quiz,99.6,100.0,2026-01-13T00:00:00
1004,116,49,Midterm,midterm,53.7,100.0,2025-11-28T00:00:00
1005,116,49,Final Exam,final,70.1,100.0,2026-02-19T00:00:00
1006,116,48,Quiz 1,quiz,58.0,100.0,2026-02-18T00:00:00
1007,116,48,Midterm,midterm,74.5,100.0,2025-12-23T00:00:00
1008,116,48,Final Exam,final,50.9,100.0,2025-12-15T00:00:00
1009,116,50,Quiz 1,quiz,82.6,100.0,2025-11-17T00:00:00
1010,116,50,Midterm,midterm,100.0,100.0,2026-01-16T00:00:00
1011,116,50,Final Exam,final,57.4,100.0,2025-12-03T00:00:00
1012,117,32,Quiz 1,quiz,88.3,100.0,2025-12-06T00:00:00
1013,117,32,Midterm,midterm,64.3,100.0,2025-12-31T00:00:00
1014,117,32,Final Exam,final,92.6,100.0,2026-02-07T00:00:00
1015,117,31,Quiz 1,quiz,100.0,100.0,2025-11-15T00:00:00
1016,117,31,Midterm,midterm,66.5,100.0,2025-12-23T00:00:00
1017,117,31,Final Exam,final,47.2,100.0,2026-02-16T00:00:00
1018,117,30,Quiz 1,quiz,84.2,100.0,2026-02-02T00:00:00
1019,117,30,Midterm,midterm,73.4,100.0,2025-11-12T00:00:00
1020,117,30,Final Exam,final,77.5,100.0,2026-01-19T00:00:00
1021,118,44,Quiz 1,quiz,64.9,100.0,2026-02-10T00:00:00
1022,118,44,Midterm,midterm,56.7,100.0,2026-02-01T00:00:00
1023,118,44,Final Exam,final,87.4,100.0,2026-01-05T00:00:00
1024,118,43,Quiz 1,quiz,74.8,100.0,2026-02-27T00:00:00
1025,118,43,Midterm,midterm,48.3,100.0,2025-11-19T00:00:00
1026,118,43,Final Exam,final,80.3,100.0,2025-12-31T00:00:00
1027,118,41,Quiz 1,quiz,77.3,100.0,2025-11-26T00:00:00
1028,118,41,Midterm,midterm,65.1,100.0,2026-02-12T00:00:00
1029,118,41,Final Exam,final,94.3,100.0,2025-12-10T00:00:00
1030,118,42,Quiz 1,quiz,60.7,100.0,2026-02-12T00:00:00
1031,118,42,Midterm,midterm,67.5,100.0,2026-01-08T00:00:00
1032,118,42,Final Exam,final,81.5,100.0,2025-11-11T00:00:00
1033,119,14,Quiz 1,quiz,71.2,100.0,2025-11-28T00:00:00
1034,119,14,Midterm,midterm,49.2,100.0,2026-02-24T00:00:00
1035,119,14,Final Exam,final,72.8,100.0,2026-02-07T00:00:00
1036,119,16,Quiz 1,quiz,63.8,100.0,2026-02-01T00:00:00
1037,119,16,Midterm,midterm,82.9,100.0,2026-02-08T00:00:00
1038,119,16,Final Exam,final,72.3,100.0,2025-11-10T00:00:00
1039,119,17,Quiz 1,quiz,71.4,100.0,2025-11-05T00:00:00
1040,119,17,Midterm,midterm,54.3,100.0,2025-12-04T00:00:00
1041,119,17,Final Exam,final,66.5,100.0,2025-12-13T00:00:00
1042,119,18,Quiz 1,quiz,84.6,100.0,2025-11-06T00:00:00
1043,119,18,Midterm,midterm,58.4,100.0,2025-11-20T00:00:00
1044,119,18,Final Exam,final,69.5,100.0,2025-12-16T00:00:00
1045,119,15,Quiz 1,quiz,56.0,100.0,2026-02-08T00:00:00
1046,119,15,Midterm,midterm,52.2,100.0,2026-01-11T00:00:00
1047,119,15,Final Exam,final,68.7,100.0,2026-01-24T00:00:00
1048,120,49,Quiz 1,quiz,72.6,100.0,2026-01-18T00:00:00
1049,120,49,Midterm,midterm,99.9,100.0,2025-12-22T00:00:00
1050,120,49,Final Exam,final,63.2,100.0,2025-11-29T00:00:00
1051,120,48,Quiz 1,quiz,69.2,100.0,2026-01-27T00:00:00
1052,120,48,Midterm,midterm,51.2,100.0,2025-11-24T00:00:00
1053,120,48,Final Exam,final,79.2,100.0,2025-11-09T00:00:00
1054,120,50,Quiz 1,quiz,76.0,100.0,2025-12-30T00:00:00
1055,120,50,Midterm,midterm,92.3,100.0,2026-02-23T00:00:00
1056,120,50,Final Exam,final,86.7,100.0,2025-12-08T00:00:00
1057,125,23,Quiz 1,quiz,75.3,100.0,2025-11-28T00:00:00
1058,125,23,Midterm,midterm,62.9,100.0,2026-02-21T00:00:00
1059,125,23,Final Exam,final,73.1,100.0,2026-02-09T00:00:00
1060,125,15,Quiz 1,quiz,68.3,100.0,2026-02-10T00:00:00
1061,125,15,Midterm,midterm,84.3,100.0,2026-02-02T00:00:00
1062,125,15,Final Exam,final,82.4,100.0,2025-12-17T00:00:00
1063,125,18,Quiz 1,quiz,65.6,100.0,2025-12-27T00:00:00
1064,125,18,Midterm,midterm,48.1,100.0,2025-12-03T00:00:00
1065,125,18,Final Exam,final,90.0,100.0,2026-01-07T00:00:00
1066,125,21,Quiz 1,quiz,78.7,100.0,2026-02-06T00:00:00
1067,125,21,Midterm,midterm,65.2,100.0,2026-02-21T00:00:00
1068,125,21,Final Exam,final,78.1,100.0,2026-02-14T00:00:00
1069,126,28,Quiz 1,quiz,71.1,100.0,2025-12-01T00:00:00
1070,126,28,Midterm,midterm,89.8,100.0,2025-12-14T00:00:00
1071,126,28,Final Exam,final,41.1,100.0,2026-02-20T00:00:00
1072,126,26,Quiz 1,quiz,64.0,100.0,2026-02-26T00:00:00
1073,126,26,Midterm,midterm,94.0,100.0,2025-11-20T00:00:00
1074,126,26,Final Exam,final,78.4,100.0,2025-12-24T00:00:00
1075,126,25,Quiz 1,quiz,96.6,100.0,2026-01-07T00:00:00
1076,126,25,Midterm,midterm,51.7,100.0,2025-11-08T00:00:00
1077,126,25,Final Exam,final,86.1,100.0,2025-12-22T00:00:00
1078,127,28,Quiz 1,quiz,85.2,100.0,2026-02-19T00:00:00
1079,127,28,Midterm,midterm,44.8,100.0,2025-12-05T00:00:00
1080,127,28,Final Exam,final,65.6,100.0,2026-01-09T00:00:00
1081,127,25,Quiz 1,quiz,68.4,100.0,2025-12-26T00:00:00
1082,127,25,Midterm,midterm,45.7,100.0,2025-11-05T00:00:00
1083,127,25,Final Exam,final,65.9,100.0,2026-02-04T00:00:00
1084,127,27,Quiz 1,quiz,83.1,100.0,2025-12-25T00:00:00
1085,127,27,Midterm,midterm,64.1,100.0,2025-12-28T00:00:00
1086,127,27,Final Exam,final,73.6,100.0,2025-11-25T00:00:00
1087,128,28,Quiz 1,quiz,73.7,100.0,2026-01-15T00:00:00
1088,128,28,Midterm,midterm,69.8,100.0,2026-01-10T00:00:00
1089,128,28,Final Exam,final,59.4,100.0,2025-11-29T00:00:00
1090,128,27,Quiz 1,quiz,79.9,100.0,2026-01-31T00:00:00
1091,128,27,Midterm,midterm,46.2,100.0,2025-12-03T00:00:00
1092,128,27,Final Exam,final,70.1,100.0,2026-02-23T00:00:00
1093,128,25,Quiz 1,quiz,90.8,100.0,2025-12-09T00:00:00
1094,128,25,Midterm,midterm,63.3,100.0,2026-02-28T00:00:00
1095,128,25,Final Exam,final,59.1,100.0,2026-01-09T00:00:00
1096,129,22,Quiz 1,quiz,80.9,100.0,2026-01-04T00:00:00
1097,129,22,Midterm,midterm,72.5,100.0,2025-11-25T00:00:00
1098,129,22,Final Exam,final,81.2,100.0,2026-01-10T00:00:00
1099,129,23,Quiz 1,quiz,70.6,100.0,2025-12-09T00:00:00
1100,129,23,Midterm,midterm,34.2,100.0,2025-11-23T00:00:00
1101,129,23,Final Exam,final,87.7,100.0,2025-12-11T00:00:00
1102,129,24,Quiz 1,quiz,100.0,100.0,2026-02-11T00:00:00
1103,129,24,Midterm,midterm,89.3,100.0,2025-11-30T00:00:00
1104,129,24,Final Exam,final,16.9,100.0,2025-12-19T00:00:00
1105,129,20,Quiz 1,quiz,76.8,100.0,2026-02-26T00:00:00
1106,129,20,Midterm,midterm,63.0,100.0,2026-02-11T00:00:00
1107,129,20,Final Exam,final,53.7,100.0,2026-02-25T00:00:00
1108,129,21,Quiz 1,quiz,71.8,100.0,2026-01-20T00:00:00
1109,129,21,Midterm,midterm,67.8,100.0,2026-02-17T00:00:00
1110,129,21,Final Exam,final,77.6,100.0,2025-12-09T00:00:00
1111,130,7,Quiz 1,quiz,70.8,100.0,2025-12-22T00:00:00
1112,130,7,Midterm,midterm,53.2,100.0,2026-02-26T00:00:00
1113,130,7,Final Exam,final,61.4,100.0,2025-11-18T00:00:00
1114,130,5,Quiz 1,quiz,58.9,100.0,2026-01-09T00:00:00
1115,130,5,Midterm,midterm,44.3,100.0,2025-11-07T00:00:00
1116,130,5,Final Exam,final,49.4,100.0,2025-12-13T00:00:00
1117,130,6,Quiz 1,quiz,66.8,100.0,2025-12-13T00:00:00
1118,130,6,Midterm,midterm,91.4,100.0,2025-11-07T00:00:00
1119,130,6,Final Exam,final,62.0,100.0,2025-12-28T00:00:00
1120,132,8,Quiz 1,quiz,58.6,100.0,2026-02-13T00:00:00
1121,132,8,Midterm,midterm,52.3,100.0,2025-12-27T00:00:00
1122,132,8,Final Exam,final,70.5,100.0,2026-02-27T00:00:00
1123,132,13,Quiz 1,quiz,87.7,100.0,2025-12-06T00:00:00
1124,132,13,Midterm,midterm,100.0,100.0,2026-01-30T00:00:00
1125,132,13,Final Exam,final,74.3,100.0,2025-11-07T00:00:00
1126,132,10,Quiz 1,quiz,72.1,100.0,2025-12-21T00:00:00
1127,132,10,Midterm,midterm,61.8,100.0,2025-12-17T00:00:00
1128,132,10,Final Exam,final,64.4,100.0,2025-12-28T00:00:00
1129,132,11,Quiz 1,quiz,79.4,100.0,2026-01-19T00:00:00
1130,132,11,Midterm,midterm,65.3,100.0,2025-12-13T00:00:00
1131,132,11,Final Exam,final,67.6,100.0,2025-12-16T00:00:00
1132,133,12,Quiz 1,quiz,69.6,100.0,2025-11-11T00:00:00
1133,133,12,Midterm,midterm,61.1,100.0,2025-12-17T00:00:00
1134,133,12,Final Exam,final,68.9,100.0,2025-12-21T00:00:00
1135,133,9,Quiz 1,quiz,39.7,100.0,2025-11-21T00:00:00
1136,133,9,Midterm,midterm,78.2,100.0,2025-11-27T00:00:00
1137,133,9,Final Exam,final,100.0,100.0,2026-01-12T00:00:00
1138,133,10,Quiz 1,quiz,61.7,100.0,2025-11-24T00:00:00
1139,133,10,Midterm,midterm,75.6,100.0,2026-02-02T00:00:00
1140,133,10,Final Exam,final,82.8,100.0,2026-02-14T00:00:00
1141,133,13,Quiz 1,quiz,89.2,100.0,2025-11-02T00:00:00
1142,133,13,Midterm,midterm,66.0,100.0,2026-01-16T00:00:00
1143,133,13,Final Exam,final,43.0,100.0,2025-11-05T00:00:00
1144,134,44,Quiz 1,quiz,74.0,100.0,2026-01-09T00:00:00
1145,134,44,Midterm,midterm,71.9,100.0,2026-02-28T00:00:00
1146,134,44,Final Exam,final,64.8,100.0,2025-12-13T00:00:00
1147,134,42,Quiz 1,quiz,68.0,100.0,2026-02-24T00:00:00
1148,134,42,Midterm,midterm,72.2,100.0,2026-02-07T00:00:00
1149,134,42,Final Exam,final,75.4,100.0,2025-12-12T00:00:00
1150,134,41,Quiz 1,quiz,74.8,100.0,2025-11-14T00:00:00
1151,134,41,Midterm,midterm,66.7,100.0,2025-11-06T00:00:00
1152,134,41,Final Exam,final,75.8,100.0,2026-01-03T00:00:00
1153,135,6,Quiz 1,quiz,65.7,100.0,2026-01-20T00:00:00
1154,135,6,Midterm,midterm,79.6,100.0,2026-01-29T00:00:00
1155,135,6,Final Exam,final,60.6,100.0,2025-12-10T00:00:00
1156,135,7,Quiz 1,quiz,71.1,100.0,2026-02-02T00:00:00
1157,135,7,Midterm,midterm,45.6,100.0,2025-11-04T00:00:00
1158,135,7,Final Exam,final,64.5,100.0,2026-01-25T00:00:00
1159,135,5,Quiz 1,quiz,78.5,100.0,2026-01-16T00:00:00
1160,135,5,Midterm,midterm,54.5,100.0,2025-11-14T00:00:00
1161,135,5,Final Exam,final,65.2,100.0,2026-02-22T00:00:00
1162,136,9,Quiz 1,quiz,33.9,100.0,2025-11-30T00:00:00
1163,136,9,Midterm,midterm,49.5,100.0,2025-11-13T00:00:00
1164,136,9,Final Exam,final,53.4,100.0,2025-11-11T00:00:00
1165,136,8,Quiz 1,quiz,71.5,100.0,2025-11-13T00:00:00
1166,136,8,Midterm,midterm,75.0,100.0,2025-12-30T00:00:00
1167,136,8,Final Exam,final,69.2,100.0,2026-02-08T00:00:00
1168,136,12,Quiz 1,quiz,64.3,100.0,2026-01-04T00:00:00
1169,136,12,Midterm,midterm,64.3,100.0,2026-03-01T00:00:00
1170,136,12,Final Exam,final,80.7,100.0,2025-12-20T00:00:00
1171,136,10,Quiz 1,quiz,73.2,100.0,2025-11-13T00:00:00
1172,136,10,Midterm,midterm,65.0,100.0,2026-01-16T00:00:00
1173,136,10,Final Exam,final,89.4,100.0,2026-01-27T00:00:00
1174,138,37,Quiz 1,quiz,99.2,100.0,2025-11-03T00:00:00
1175,138,37,Midterm,midterm,51.3,100.0,2025-11-19T00:00:00
1176,138,37,Final Exam,final,77.8,100.0,2025-12-13T00:00:00
1177,138,38,Quiz 1,quiz,100.0,100.0,2026-02-12T00:00:00
1178,138,38,Midterm,midterm,74.2,100.0,2025-12-08T00:00:00
1179,138,38,Final Exam,final,71.7,100.0,2026-01-30T00:00:00
1180,138,40,Quiz 1,quiz,69.2,100.0,2026-03-01T00:00:00
1181,138,40,Midterm,midterm,77.4,100.0,2025-12-27T00:00:00
1182,138,40,Final Exam,final,81.3,100.0,2026-01-27T00:00:00
1183,138,35,Quiz 1,quiz,51.3,100.0,2025-12-20T00:00:00
1184,138,35,Midterm,midterm,69.6,100.0,2025-11-07T00:00:00
1185,138,35,Final Exam,final,36.0,100.0,2026-01-27T00:00:00
1186,138,36,Quiz 1,quiz,66.9,100.0,2026-01-29T00:00:00
1187,138,36,Midterm,midterm,56.5,100.0,2025-11-23T00:00:00
1188,138,36,Final Exam,final,75.1,100.0,2025-11-22T00:00:00
1189,138,39,Quiz 1,quiz,45.2,100.0,2026-01-21T00:00:00
1190,138,39,Midterm,midterm,62.3,100.0,2025-11-04T00:00:00
1191,138,39,Final Exam,final,84.5,100.0,2025-12-22T00:00:00
1192,139,34,Quiz 1,quiz,59.9,100.0,2026-01-31T00:00:00
1193,139,34,Midterm,midterm,41.4,100.0,2026-01-19T00:00:00
1194,139,34,Final Exam,final,73.9,100.0,2025-12-18T00:00:00
1195,139,32,Quiz 1,quiz,61.2,100.0,2026-02-26T00:00:00
1196,139,32,Midterm,midterm,67.2,100.0,2025-11-30T00:00:00
1197,139,32,Final Exam,final,59.1,100.0,2025-12-11T00:00:00
1198,139,30,Quiz 1,quiz,99.6,100.0,2026-02-13T00:00:00
1199,139,30,Midterm,midterm,46.6,100.0,2026-02-26T00:00:00
1200,139,30,Final Exam,final,100.0,100.0,2026-02-28T00:00:00
1201,139,31,Quiz 1,quiz,64.1,100.0,2025-12-05T00:00:00
1202,139,31,Midterm,midterm,72.8,100.0,2026-01-29T00:00:00
1203,139,31,Final Exam,final,61.4,100.0,2026-03-01T00:00:00
1204,139,33,Quiz 1,quiz,60.8,100.0,2025-11-11T00:00:00
1205,139,33,Midterm,midterm,58.2,100.0,2026-01-27T00:00:00
1206,139,33,Final Exam,final,79.0,100.0,2025-11-23T00:00:00
1207,140,7,Quiz 1,quiz,48.8,100.0,2025-11-01T00:00:00
1208,140,7,Midterm,midterm,75.5,100.0,2026-02-23T00:00:00
1209,140,7,Final Exam,final,37.2,100.0,2025-11-11T00:00:00
1210,140,5,Quiz 1,quiz,74.1,100.0,2026-01-25T00:00:00
1211,140,5,Midterm,midterm,82.7,100.0,2025-11-18T00:00:00
1212,140,5,Final Exam,final,50.9,100.0,2025-11-24T00:00:00
1213,140,6,Quiz 1,quiz,80.2,100.0,2025-12-27T00:00:00
1214,140,6,Midterm,midterm,70.8,100.0,2026-02-24T00:00:00
1215,140,6,Final Exam,final,94.0,100.0,2025-12-11T00:00:00
1216,141,44,Quiz 1,quiz,57.2,100.0,2026-02-09T00:00:00
1217,141,44,Midterm,midterm,100.0,100.0,2026-02-10T00:00:00
1218,141,44,Final Exam,final,34.1,100.0,2026-02-24T00:00:00
1219,141,43,Quiz 1,quiz,65.1,100.0,2026-01-12T00:00:00
1220,141,43,Midterm,midterm,44.5,100.0,2025-12-16T00:00:00
1221,141,43,Final Exam,final,97.8,100.0,2026-02-20T00:00:00
1222,141,42,Quiz 1,quiz,66.1,100.0,2025-11-08T00:00:00
1223,141,42,Midterm,midterm,67.4,100.0,2025-11-02T00:00:00
1224,141,42,Final Exam,final,76.6,100.0,2025-11-21T00:00:00
1225,142,4,Quiz 1,quiz,69.9,100.0,2026-02-19T00:00:00
1226,142,4,Midterm,midterm,61.1,100.0,2025-12-24T00:00:00
1227,142,4,Final Exam,final,51.2,100.0,2026-02-06T00:00:00
1228,142,1,Quiz 1,quiz,72.5,100.0,2026-02-12T00:00:00
1229,142,1,Midterm,midterm,75.7,100.0,2026-01-29T00:00:00
1230,142,1,Final Exam,final,80.4,100.0,2026-02-26T00:00:00
1231,142,2,Quiz 1,quiz,98.7,100.0,2025-11-07T00:00:00
1232,142,2,Midterm,midterm,37.4,100.0,2025-11-11T00:00:00
1233,142,2,Final Exam,final,69.0,100.0,2025-12-11T00:00:00
1234,142,3,Quiz 1,quiz,87.9,100.0,2025-11-15T00:00:00
1235,142,3,Midterm,midterm,68.1,100.0,2025-12-14T00:00:00
1236,142,3,Final Exam,final,34.9,100.0,2025-11-28T00:00:00
1237,143,44,Quiz 1,quiz,50.6,100.0,2026-02-19T00:00:00
1238,143,44,Midterm,midterm,74.9,100.0,2026-02-01T00:00:00
1239,143,44,Final Exam,final,74.4,100.0,2026-02-28T00:00:00
1240,143,31,Quiz 1,quiz,80.1,100.0,2025-11-24T00:00:00
1241,143,31,Midterm,midterm,58.3,100.0,2026-02-25T00:00:00
1242,143,31,Final Exam,final,73.9,100.0,2026-02-21T00:00:00
1243,143,17,Quiz 1,quiz,55.8,100.0,2025-12-15T00:00:00
1244,143,17,Midterm,midterm,73.9,100.0,2026-02-11T00:00:00
1245,143,17,Final Exam,final,70.8,100.0,2026-01-23T00:00:00
1246,144,30,Quiz 1,quiz,57.7,100.0,2026-01-27T00:00:00
1247,144,30,Midterm,midterm,93.4,100.0,2026-01-27T00:00:00
1248,144,30,Final Exam,final,44.4,100.0,2026-01-15T00:00:00
1249,144,29,Quiz 1,quiz,67.9,100.0,2025-12-04T00:00:00
1250,144,29,Midterm,midterm,57.4,100.0,2025-12-27T00:00:00
1251,144,29,Final Exam,final,97.5,100.0,2026-01-21T00:00:00
1252,144,34,Quiz 1,quiz,79.0,100.0,2026-02-22T00:00:00
1253,144,34,Midterm,midterm,60.3,100.0,2026-01-19T00:00:00
1254,144,34,Final Exam,final,65.8,100.0,2025-12-14T00:00:00
1255,144,32,Quiz 1,quiz,97.9,100.0,2025-11-05T00:00:00
1256,144,32,Midterm,midterm,55.8,100.0,2025-12-27T00:00:00
1257,144,32,Final Exam,final,43.5,100.0,2025-12-07T00:00:00
1258,145,27,Quiz 1,quiz,74.4,100.0,2025-11-06T00:00:00
1259,145,27,Midterm,midterm,74.7,100.0,2026-02-15T00:00:00
1260,145,27,Final Exam,final,80.0,100.0,2026-01-03T00:00:00
1261,145,26,Quiz 1,quiz,80.1,100.0,2025-11-13T00:00:00
1262,145,26,Midterm,midterm,96.6,100.0,2026-02-06T00:00:00
1263,145,26,Final Exam,final,44.2,100.0,2025-12-27T00:00:00
1264,145,28,Quiz 1,quiz,52.0,100.0,2026-01-30T00:00:00
1265,145,28,Midterm,midterm,79.9,100.0,2025-11-25T00:00:00
1266,145,28,Final Exam,final,53.4,100.0,2026-02-17T00:00:00
1267,146,38,Quiz 1,quiz,48.2,100.0,2025-11-17T00:00:00
1268,146,38,Midterm,midterm,98.0,100.0,2025-12-30T00:00:00
1269,146,38,Final Exam,final,45.7,100.0,2026-01-16T00:00:00
1270,146,40,Quiz 1,quiz,64.7,100.0,2026-01-10T00:00:00
1271,146,40,Midterm,midterm,69.1,100.0,2025-11-07T00:00:00
1272,146,40,Final Exam,final,89.6,100.0,2026-02-28T00:00:00
1273,146,37,Quiz 1,quiz,42.0,100.0,2025-12-16T00:00:00
1274,146,37,Midterm,midterm,76.2,100.0,2026-01-30T00:00:00
1275,146,37,Final Exam,final,56.6,100.0,2026-02-04T00:00:00
1276,146,35,Quiz 1,quiz,79.4,100.0,2026-01-15T00:00:00
1277,146,35,Midterm,midterm,56.4,100.0,2026-01-26T00:00:00
1278,146,35,Final Exam,final,93.6,100.0,2025-12-17T00:00:00
1279,146,39,Quiz 1,quiz,56.5,100.0,2026-01-22T00:00:00
1280,146,39,Midterm,midterm,33.1,100.0,2025-11-04T00:00:00
1281,146,39,Final Exam,final,58.2,100.0,2026-02-25T00:00:00
1282,147,44,Quiz 1,quiz,66.1,100.0,2025-11-30T00:00:00
1283,147,44,Midterm,midterm,86.2,100.0,2026-01-25T00:00:00
1284,147,44,Final Exam,final,51.1,100.0,2026-02-05T00:00:00
1285,147,42,Quiz 1,quiz,51.4,100.0,2026-02-15T00:00:00
1286,147,42,Midterm,midterm,84.4,100.0,2025-11-09T00:00:00
1287,147,42,Final Exam,final,49.4,100.0,2025-11-07T00:00:00
1288,147,41,Quiz 1,quiz,67.3,100.0,2025-11-02T00:00:00
1289,147,41,Midterm,midterm,67.6,100.0,2025-12-21T00:00:00
1290,147,41,Final Exam,final,73.3,100.0,2025-12-07T00:00:00
1291,148,45,Quiz 1,quiz,58.8,100.0,2026-01-26T00:00:00
1292,148,45,Midterm,midterm,56.1,100.0,2026-01-19T00:00:00
1293,148,45,Final Exam,final,75.0,100.0,2025-11-28T00:00:00
1294,148,46,Quiz 1,quiz,56.6,100.0,2025-12-09T00:00:00
1295,148,46,Midterm,midterm,49.6,100.0,2026-02-07T00:00:00
1296,148,46,Final Exam,final,88.4,100.0,2026-02-01T00:00:00
1297,148,47,Quiz 1,quiz,77.3,100.0,2025-11-02T00:00:00
1298,148,47,Midterm,midterm,96.5,100.0,2025-11-27T00:00:00
1299,148,47,Final Exam,final,81.8,100.0,2026-01-28T00:00:00
1300,149,30,Quiz 1,quiz,51.0,100.0,2026-02-23T00:00:00
1301,149,30,Midterm,midterm,71.4,100.0,2026-01-14T00:00:00
1302,149,30,Final Exam,final,54.8,100.0,2025-11-16T00:00:00
1303,149,34,Quiz 1,quiz,45.2,100.0,2025-11-01T00:00:00
1304,149,34,Midterm,midterm,63.3,100.0,2025-12-06T00:00:00
1305,149,34,Final Exam,final,84.7,100.0,2025-12-15T00:00:00
1306,149,29,Quiz 1,quiz,74.1,100.0,2025-11-17T00:00:00
1307,149,29,Midterm,midterm,49.1,100.0,2026-03-01T00:00:00
1308,149,29,Final Exam,final,62.8,100.0,2025-11-05T00:00:00
1309,149,33,Quiz 1,quiz,67.9,100.0,2026-02-21T00:00:00
1310,149,33,Midterm,midterm,44.7,100.0,2025-11-28T00:00:00
1311,149,33,Final Exam,final,80.7,100.0,2025-12-25T00:00:00
1312,150,33,Quiz 1,quiz,66.6,100.0,2025-11-06T00:00:00
1313,150,33,Midterm,midterm,49.1,100.0,2026-01-04T00:00:00
1314,150,33,Final Exam,final,48.3,100.0,2026-01-18T00:00:00
1315,150,7,Quiz 1,quiz,86.5,100.0,2026-01-29T00:00:00
1316,150,7,Midterm,midterm,64.3,100.0,2026-02-06T00:00:00
1317,150,7,Final Exam,final,87.9,100.0,2025-12-07T00:00:00
1318,150,3,Quiz 1,quiz,93.6,100.0,2025-11-09T00:00:00
1319,150,3,Midterm,midterm,85.3,100.0,2025-11-10T00:00:00
1320,150,3,Final Exam,final,62.0,100.0,2026-01-09T00:00:00
1321,151,42,Quiz 1,quiz,32.5,100.0,2025-12-09T00:00:00
1322,151,42,Midterm,midterm,74.7,100.0,2026-01-20T00:00:00
1323,151,42,Final Exam,final,100.0,100.0,2026-01-18T00:00:00
1324,151,41,Quiz 1,quiz,69.5,100.0,2026-02-25T00:00:00
1325,151,41,Midterm,midterm,40.2,100.0,2025-11-13T00:00:00
1326,151,41,Final Exam,final,59.9,100.0,2025-11-29T00:00:00
1327,151,44,Quiz 1,quiz,67.2,100.0,2026-01-23T00:00:00
1328,151,44,Midterm,midterm,53.5,100.0,2025-12-14T00:00:00
1329,151,44,Final Exam,final,31.5,100.0,2026-02-21T00:00:00
1330,152,16,Quiz 1,quiz,68.5,100.0,2026-01-18T00:00:00
1331,152,16,Midterm,midterm,58.2,100.0,2026-01-18T00:00:00
1332,152,16,Final Exam,final,96.6,100.0,2026-02-23T00:00:00
1333,152,15,Quiz 1,quiz,71.5,100.0,2025-11-23T00:00:00
1334,152,15,Midterm,midterm,77.0,100.0,2026-01-09T00:00:00
1335,152,15,Final Exam,final,68.2,100.0,2025-12-16T00:00:00
1336,152,18,Quiz 1,quiz,71.4,100.0,2025-12-15T00:00:00
1337,152,18,Midterm,midterm,45.2,100.0,2026-02-06T00:00:00
1338,152,18,Final Exam,final,54.4,100.0,2026-02-05T00:00:00
1339,152,14,Quiz 1,quiz,86.3,100.0,2025-12-02T00:00:00
1340,152,14,Midterm,midterm,73.1,100.0,2026-02-25T00:00:00
1341,152,14,Final Exam,final,64.0,100.0,2025-12-18T00:00:00
1342,154,39,Quiz 1,quiz,77.3,100.0,2026-01-27T00:00:00
1343,154,39,Midterm,midterm,77.6,100.0,2026-01-12T00:00:00
1344,154,39,Final Exam,final,99.9,100.0,2025-12-14T00:00:00
1345,154,35,Quiz 1,quiz,72.4,100.0,2025-11-19T00:00:00
1346,154,35,Midterm,midterm,54.1,100.0,2025-11-06T00:00:00
1347,154,35,Final Exam,final,68.3,100.0,2025-12-17T00:00:00
1348,154,40,Quiz 1,quiz,79.1,100.0,2025-12-20T00:00:00
1349,154,40,Midterm,midterm,84.9,100.0,2025-11-10T00:00:00
1350,154,40,Final Exam,final,45.8,100.0,2025-11-05T00:00:00
1351,154,38,Quiz 1,quiz,73.8,100.0,2025-11-08T00:00:00
1352,154,38,Midterm,midterm,56.5,100.0,2025-12-23T00:00:00
1353,154,38,Final Exam,final,61.5,100.0,2026-01-02T00:00:00
1354,155,15,Quiz 1,quiz,82.7,100.0,2026-01-12T00:00:00
1355,155,15,Midterm,midterm,81.2,100.0,2026-03-01T00:00:00
1356,155,15,Final Exam,final,59.8,100.0,2026-01-13T00:00:00
1357,155,18,Quiz 1,quiz,67.6,100.0,2025-11-02T00:00:00
1358,155,18,Midterm,midterm,62.0,100.0,2026-01-22T00:00:00
1359,155,18,Final Exam,final,100.0,100.0,2025-11-03T00:00:00
1360,155,17,Quiz 1,quiz,74.2,100.0,2025-12-21T00:00:00
1361,155,17,Midterm,midterm,57.4,100.0,2026-01-13T00:00:00
1362,155,17,Final Exam,final,89.8,100.0,2025-12-25T00:00:00
1363,155,14,Quiz 1,quiz,90.4,100.0,2026-03-01T00:00:00
1364,155,14,Midterm,midterm,96.9,100.0,2026-02-25T00:00:00
1365,155,14,Final Exam,final,100.0,100.0,2026-02-25T00:00:00
1366,156,48,Quiz 1,quiz,80.6,100.0,2026-02-14T00:00:00
1367,156,48,Midterm,midterm,64.8,100.0,2026-01-10T00:00:00
1368,156,48,Final Exam,final,67.0,100.0,2025-11-08T00:00:00
1369,156,49,Quiz 1,quiz,65.6,100.0,2025-11-10T00:00:00
1370,156,49,Midterm,midterm,63.9,100.0,2026-01-09T00:00:00
1371,156,49,Final Exam,final,88.6,100.0,2025-12-20T00:00:00
1372,158,15,Quiz 1,quiz,70.0,100.0,2026-01-31T00:00:00
1373,158,15,Midterm,midterm,84.6,100.0,2025-12-27T00:00:00
1374,158,15,Final Exam,final,80.1,100.0,2026-01-01T00:00:00
1375,158,29,Quiz 1,quiz,53.5,100.0,2025-12-04T00:00:00
1376,158,29,Midterm,midterm,44.2,100.0,2025-11-06T00:00:00
1377,158,29,Final Exam,final,51.5,100.0,2026-02-08T00:00:00
1378,158,44,Quiz 1,quiz,63.6,100.0,2026-01-29T00:00:00
1379,158,44,Midterm,midterm,72.0,100.0,2026-02-23T00:00:00
1380,158,44,Final Exam,final,60.3,100.0,2025-12-01T00:00:00
1381,158,36,Quiz 1,quiz,80.5,100.0,2026-01-01T00:00:00
1382,158,36,Midterm,midterm,62.1,100.0,2026-01-04T00:00:00
1383,158,36,Final Exam,final,73.9,100.0,2025-12-05T00:00:00
1384,159,19,Quiz 1,quiz,71.8,100.0,2026-01-28T00:00:00
1385,159,19,Midterm,midterm,96.0,100.0,2026-01-27T00:00:00
1386,159,19,Final Exam,final,55.4,100.0,2025-11-17T00:00:00
1387,159,20,Quiz 1,quiz,100.0,100.0,2026-01-31T00:00:00
1388,159,20,Midterm,midterm,61.1,100.0,2026-02-22T00:00:00
1389,159,20,Final Exam,final,49.9,100.0,2025-11-28T00:00:00
1390,159,22,Quiz 1,quiz,66.7,100.0,2026-01-24T00:00:00
1391,159,22,Midterm,midterm,100.0,100.0,2025-11-25T00:00:00
1392,159,22,Final Exam,final,83.4,100.0,2026-01-12T00:00:00
1393,160,46,Quiz 1,quiz,79.0,100.0,2026-02-17T00:00:00
1394,160,46,Midterm,midterm,81.9,100.0,2025-12-07T00:00:00
1395,160,46,Final Exam,final,58.5,100.0,2025-12-10T00:00:00
1396,160,45,Quiz 1,quiz,74.9,100.0,2026-01-14T00:00:00
1397,160,45,Midterm,midterm,70.0,100.0,2026-01-29T00:00:00
1398,160,45,Final Exam,final,97.1,100.0,2025-12-18T00:00:00
1399,160,47,Quiz 1,quiz,68.4,100.0,2026-02-19T00:00:00
1400,160,47,Midterm,midterm,64.3,100.0,2025-11-29T00:00:00
1401,160,47,Final Exam,final,52.5,100.0,2025-11-03T00:00:00
1402,161,27,Quiz 1,quiz,72.1,100.0,2025-11-01T00:00:00
1403,161,27,Midterm,midterm,74.4,100.0,2025-12-21T00:00:00
1404,161,27,Final Exam,final,52.0,100.0,2026-01-02T00:00:00
1405,161,28,Quiz 1,quiz,76.8,100.0,2025-12-29T00:00:00
1406,161,28,Midterm,midterm,73.5,100.0,2025-12-19T00:00:00
1407,161,28,Final Exam,final,85.2,100.0,2026-02-06T00:00:00
1408,161,26,Quiz 1,quiz,88.2,100.0,2026-02-17T00:00:00
1409,161,26,Midterm,midterm,71.4,100.0,2026-02-17T00:00:00
1410,161,26,Final Exam,final,54.5,100.0,2025-11-21T00:00:00
1411,161,25,Quiz 1,quiz,57.5,100.0,2025-12-13T00:00:00
1412,161,25,Midterm,midterm,96.4,100.0,2025-12-12T00:00:00
1413,161,25,Final Exam,final,72.5,100.0,2025-11-02T00:00:00
1414,162,17,Quiz 1,quiz,96.2,100.0,2025-11-28T00:00:00
1415,162,17,Midterm,midterm,77.5,100.0,2025-11-21T00:00:00
1416,162,17,Final Exam,final,81.3,100.0,2026-01-21T00:00:00
1417,162,41,Quiz 1,quiz,84.1,100.0,2025-12-15T00:00:00
1418,162,41,Midterm,midterm,51.7,100.0,2026-02-15T00:00:00
1419,162,41,Final Exam,final,74.6,100.0,2025-11-02T00:00:00
1420,162,15,Quiz 1,quiz,51.4,100.0,2025-11-10T00:00:00
1421,162,15,Midterm,midterm,65.7,100.0,2026-01-03T00:00:00
1422,162,15,Final Exam,final,79.6,100.0,2025-11-28T00:00:00
1423,163,25,Quiz 1,quiz,54.6,100.0,2025-12-19T00:00:00
1424,163,25,Midterm,midterm,78.4,100.0,2025-12-11T00:00:00
1425,163,25,Final Exam,final,47.5,100.0,2025-12-03T00:00:00
1426,163,28,Quiz 1,quiz,87.1,100.0,2025-11-17T00:00:00
1427,163,28,Midterm,midterm,60.0,100.0,2026-02-24T00:00:00
1428,163,28,Final Exam,final,54.6,100.0,2025-12-21T00:00:00
1429,163,26,Quiz 1,quiz,48.5,100.0,2025-11-24T00:00:00
1430,163,26,Midterm,midterm,61.3,100.0,2025-12-07T00:00:00
1431,163,26,Final Exam,final,41.4,100.0,2025-11-14T00:00:00
