id,name,email,rfid_uid,phone_number,university_id,department_id,academic_year,current_semester,academic_status,id_card_image_url,approval_status,emergency_contact_phone,bio,personal_email,is_blacklisted,blacklist_reason,rejection_reason,rejected_at,rejected_by_id,approved_at,approved_by_id
1,Hossam Gamal,std.hossam1@student.edu.eg,RFID-000001,+201172092888,UNI-2021-0001,8,2,1,ACTIVE,,PENDING,+201183863413,,,False,,,,,,
2,Ali Gamal,std.ali2@student.edu.eg,RFID-000002,+201032321899,UNI-2023-0002,1,1,2,ACTIVE,,APPROVED,+201138688676,,,False,,,,,2025-09-28T00:00:00,2.0
3,Amr Osman,std.amr3@student.edu.eg,RFID-000003,+201148285503,UNI-2023-0003,1,4,2,ACTIVE,,APPROVED,+201035487660,,,False,,,,,2025-09-10T00:00:00,1.0
4,Nesma Gamal,std.nesma4@student.edu.eg,RFID-000004,+201273993471,UNI-2024-0004,1,3,1,ACTIVE,,APPROVED,+201078159587,,,False,,,,,2025-09-03T00:00:00,1.0
5,Eman Hassan,std.eman5@student.edu.eg,RFID-000005,+201243046464,UNI-2024-0005,11,2,1,ACTIVE,,APPROVED,+201221003626,,,False,,,,,2025-09-14T00:00:00,2.0
6,Karim Farouk,std.karim6@student.edu.eg,RFID-000006,+201296637649,UNI-2022-0006,4,3,2,ACTIVE,,REJECTED,+201119736572,,,False,,Incomplete documents,2025-09-01T00:00:00,1.0,,
7,Nahla Morsi,std.nahla7@student.edu.eg,RFID-000007,+201245594597,UNI-2021-0007,2,1,2,REPEATER,,APPROVED,+201042787299,,,False,,,,,2025-09-12T00:00:00,2.0
8,Yasmin Gamal,std.yasmin8@student.edu.eg,RFID-000008,+201280993218,UNI-2020-0008,12,3,2,ACTIVE,,APPROVED,+201223903144,,,False,,,,,2025-10-01T00:00:00,1.0
9,Khaled Ali,std.khaled9@student.edu.eg,RFID-000009,+201238270233,UNI-2025-0009,12,2,2,ACTIVE,,APPROVED,+201095125977,,,False,,,,,2025-09-28T00:00:00,2.0
10,Salma Mansour,std.salma10@student.edu.eg,RFID-000010,+201115917225,UNI-2020-0010,1,1,2,ACTIVE,,APPROVED,+201095511909,,,False,,,,,2025-09-09T00:00:00,1.0
11,Yasmin Gamal,std.yasmin11@student.edu.eg,RFID-000011,+201020099059,UNI-2025-0011,12,4,1,ACTIVE,,APPROVED,+201214835614,,,False,,,,,2025-09-27T00:00:00,2.0
12,Heba Mahmoud,std.heba12@student.edu.eg,RFID-000012,+201115354599,UNI-2022-0012,7,2,1,ACTIVE,,APPROVED,+201243491314,,,False,,,,,2025-09-22T00:00:00,1.0
13,Heba Abdallah,std.heba13@student.edu.eg,RFID-000013,+201031810617,UNI-2021-0013,10,2,2,ACTIVE,,APPROVED,+201034073380,,,False,,,,,2025-09-24T00:00:00,2.0
14,Hana Khalil,std.hana14@student.edu.eg,RFID-000014,+201061343880,UNI-2020-0014,5,2,2,ACTIVE,,APPROVED,+201036786211,,,False,,,,,2025-09-27T00:00:00,2.0
15,Nour Khalil,std.nour15@student.edu.eg,RFID-000015,+201154058573,UNI-2022-0015,4,1,1,ACTIVE,,APPROVED,+201157130035,,,False,,,,,2025-09-21T00:00:00,2.0
16,Amira Farouk,std.amira16@student.edu.eg,RFID-000016,+201133966966,UNI-2024-0016,1,1,2,ACTIVE,,APPROVED,+201024549543,,,False,,,,,2025-09-20T00:00:00,2.0
17,Sherif Abdallah,std.sherif17@student.edu.eg,RFID-000017,+201235511941,UNI-2022-0017,10,1,1,ACTIVE,,PENDING,+201268526649,,,False,,,,,,
18,Layla Gamal,std.layla18@student.edu.eg,RFID-000018,+201099152472,UNI-2022-0018,11,2,2,GRADUATED,,APPROVED,+201226726926,,,False,,,,,2025-09-24T00:00:00,2.0
19,Nour Abdallah,std.nour19@student.edu.eg,RFID-000019,+201227084279,UNI-2021-0019,6,4,2,ACTIVE,,APPROVED,+201260888017,,,False,,,,,2025-09-22T00:00:00,1.0
20,Sahar Saleh,std.sahar20@student.edu.eg,RFID-000020,+201067698610,UNI-2024-0020,7,1,2,ACTIVE,,APPROVED,+201169295515,,,False,,,,,2025-09-15T00:00:00,1.0
21,Aya Abdel-Rahman,std.aya21@student.edu.eg,RFID-000021,+201294951883,UNI-2024-0021,11,1,2,ACTIVE,,APPROVED,+201041523529,,,False,,,,,2025-09-22T00:00:00,2.0
22,Hossam Mahmoud,std.hossam22@student.edu.eg,RFID-000022,+201192043803,UNI-2020-0022,1,1,2,ACTIVE,,PENDING,+201194525678,,,False,,,,,,
23,Hossam Osman,std.hossam23@student.edu.eg,RFID-000023,+201210744212,UNI-2020-0023,8,4,2,ACTIVE,,APPROVED,+201033607110,,,False,,,,,2025-09-26T00:00:00,2.0
24,Heba Khalil,std.heba24@student.edu.eg,RFID-000024,+201199600766,UNI-2024-0024,2,4,2,ACTIVE,,APPROVED,+201192228802,,,False,,,,,2025-09-27T00:00:00,2.0
25,Heba Shaker,std.heba25@student.edu.eg,RFID-000025,+201095585469,UNI-2022-0025,3,4,2,ACTIVE,,APPROVED,+201242111036,,,False,,,,,2025-09-09T00:00:00,2.0
26,Bassem Khalil,std.bassem26@student.edu.eg,RFID-000026,+201220814950,UNI-2021-0026,5,3,1,GRADUATED,,APPROVED,+201061410126,,,False,,,,,2025-09-23T00:00:00,1.0
27,Karim Hassan,std.karim27@student.edu.eg,RFID-000027,+201165804273,UNI-2020-0027,7,4,1,GRADUATED,,PENDING,+201162274692,,,False,,,,,,
28,Nesma El-Sayed,std.nesma28@student.edu.eg,RFID-000028,+201150079111,UNI-2023-0028,10,4,2,ACTIVE,,PENDING,+201283300637,,,False,,,,,,
29,Eman Khalil,std.eman29@student.edu.eg,RFID-000029,+201113895645,UNI-2023-0029,8,2,2,ACTIVE,,APPROVED,+201264266464,,,False,,,,,2025-09-24T00:00:00,1.0
30,Mahmoud Ismail,std.mahmoud30@student.edu.eg,RFID-000030,+201285751409,UNI-2025-0030,9,1,1,ACTIVE,,APPROVED,+201096268397,,,False,,,,,2025-09-14T00:00:00,1.0
31,Tarek Ibrahim,std.tarek31@student.edu.eg,RFID-000031,+201153868501,UNI-2022-0031,5,4,2,ACTIVE,,APPROVED,+201166581473,,,False,,,,,2025-09-09T00:00:00,1.0
32,Mohamed Gamal,std.mohamed32@student.edu.eg,RFID-000032,+201097477029,UNI-2020-0032,1,3,1,PROBATION,,APPROVED,+201036757737,,,False,,,,,2025-09-27T00:00:00,1.0
33,Mostafa Khalil,std.mostafa33@student.edu.eg,RFID-000033,+201239254705,UNI-2023-0033,3,4,2,ACTIVE,,APPROVED,+201132520277,,,False,,,,,2025-09-20T00:00:00,1.0
34,Amr Saleh,std.amr34@student.edu.eg,RFID-000034,+201187282128,UNI-2025-0034,2,5,2,ACTIVE,,APPROVED,+201136619372,,,True,Academic misconduct,,,,2025-09-03T00:00:00,1.0
35,Nour Ismail,std.nour35@student.edu.eg,RFID-000035,+201181503856,UNI-2023-0035,2,5,2,ACTIVE,,REJECTED,+201077908907,,,False,,Incomplete documents,2025-09-21T00:00:00,1.0,,
36,Ahmed Abdallah,std.ahmed36@student.edu.eg,RFID-000036,+201195306788,UNI-2023-0036,8,1,1,PROBATION,,APPROVED,+201133640702,,,False,,,,,2025-09-24T00:00:00,2.0
37,Amira Hamdy,std.amira37@student.edu.eg,RFID-000037,+201246023439,UNI-2022-0037,8,4,1,ACTIVE,,APPROVED,+201047437115,,,False,,,,,2025-09-29T00:00:00,2.0
38,Mariam Morsi,std.mariam38@student.edu.eg,RFID-000038,+201153622663,UNI-2021-0038,10,4,2,ACTIVE,,APPROVED,+201057623800,,,False,,,,,2025-09-26T00:00:00,2.0
39,Ayman Ismail,std.ayman39@student.edu.eg,RFID-000039,+201235643159,UNI-2020-0039,12,3,1,PROBATION,,APPROVED,+201264549859,,,False,,,,,2025-09-16T00:00:00,1.0
40,Aya Hamdy,std.aya40@student.edu.eg,RFID-000040,+201064277800,UNI-2025-0040,8,1,1,ACTIVE,,APPROVED,+201199115205,,,False,,,,,2025-09-19T00:00:00,2.0
41,Heba Tawfik,std.heba41@student.edu.eg,RFID-000041,+201254398056,UNI-2022-0041,6,4,2,REPEATER,,APPROVED,+201151154241,,,False,,,,,2025-09-09T00:00:00,1.0
42,Hossam Farouk,std.hossam42@student.edu.eg,RFID-000042,+201234850391,UNI-2021-0042,2,5,1,ACTIVE,,APPROVED,+201274988034,,,False,,,,,2025-09-09T00:00:00,2.0
43,Hossam Saleh,std.hossam43@student.edu.eg,RFID-000043,+201081690398,UNI-2021-0043,4,3,2,ACTIVE,,APPROVED,+201017318358,,,False,,,,,2025-09-18T00:00:00,2.0
44,Mahmoud Hamdy,std.mahmoud44@student.edu.eg,RFID-000044,+201174251933,UNI-2023-0044,2,1,2,ACTIVE,,APPROVED,+201016895666,,,False,,,,,2025-09-09T00:00:00,2.0
45,Hassan Osman,std.hassan45@student.edu.eg,RFID-000045,+201217195288,UNI-2021-0045,8,1,1,REPEATER,,APPROVED,+201250780112,,,False,,,,,2025-09-03T00:00:00,1.0
46,Heba Abdallah,std.heba46@student.edu.eg,RFID-000046,+201170467027,UNI-2023-0046,10,2,2,ACTIVE,,APPROVED,+201267556566,,,False,,,,,2025-09-10T00:00:00,1.0
47,Ibrahim Mohamed,std.ibrahim47@student.edu.eg,RFID-000047,+201031079846,UNI-2021-0047,11,2,1,PROBATION,,APPROVED,+201220075036,,,False,,,,,2025-09-06T00:00:00,1.0
48,Yasmin Ismail,std.yasmin48@student.edu.eg,RFID-000048,+201147945817,UNI-2025-0048,8,3,2,PROBATION,,APPROVED,+201041329612,,,False,,,,,2025-09-30T00:00:00,2.0
49,Ghada Morsi,std.ghada49@student.edu.eg,RFID-000049,+201240173413,UNI-2025-0049,11,2,1,ACTIVE,,APPROVED,+201129090631,,,False,,,,,2025-09-03T00:00:00,1.0
50,Nour Ismail,std.nour50@student.edu.eg,RFID-000050,+201150814428,UNI-2025-0050,12,3,2,ACTIVE,,APPROVED,+201177172238,,,False,,,,,2025-09-18T00:00:00,2.0
51,Youssef Ismail,std.youssef51@student.edu.eg,RFID-000051,+201243603811,UNI-2020-0051,1,4,1,ACTIVE,,APPROVED,+201087201917,,,False,,,,,2025-09-19T00:00:00,1.0
52,Ayman Morsi,std.ayman52@student.edu.eg,RFID-000052,+201269355025,UNI-2022-0052,1,2,1,ACTIVE,,APPROVED,+201268503492,,,False,,,,,2025-09-21T00:00:00,2.0
53,Aya Nasser,std.aya53@student.edu.eg,RFID-000053,+201031585546,UNI-2022-0053,7,3,2,DISMISSED,,APPROVED,+201276500726,,,False,,,,,2025-09-10T00:00:00,2.0
54,Heba Ibrahim,std.heba54@student.edu.eg,RFID-000054,+201125558733,UNI-2023-0054,8,1,1,ACTIVE,,APPROVED,+201282825679,,,False,,,,,2025-09-15T00:00:00,2.0
55,Hossam Tawfik,std.hossam55@student.edu.eg,RFID-000055,+201269329732,UNI-2020-0055,6,5,1,ACTIVE,,APPROVED,+201183715012,,,False,,,,,2025-09-05T00:00:00,2.0
56,Salma Ali,std.salma56@student.edu.eg,RFID-000056,+201231257157,UNI-2022-0056,1,5,1,ACTIVE,,APPROVED,+201264759583,,,False,,,,,2025-09-03T00:00:00,1.0
57,Mariam Ali,std.mariam57@student.edu.eg,RFID-000057,+201249172995,UNI-2024-0057,11,2,2,DISMISSED,,APPROVED,+201174759996,,,False,,,,,2025-09-16T00:00:00,1.0
58,Heba Mahmoud,std.heba58@student.edu.eg,RFID-000058,+201228321839,UNI-2020-0058,7,2,2,ACTIVE,,APPROVED,+201155617282,,,False,,,,,2025-09-30T00:00:00,2.0
59,Ahmed Saleh,std.ahmed59@student.edu.eg,RFID-000059,+201298575748,UNI-2023-0059,12,3,1,PROBATION,,APPROVED,+201182287061,,,False,,,,,2025-09-16T00:00:00,2.0
60,Heba Gamal,std.heba60@student.edu.eg,RFID-000060,+201042051937,UNI-2024-0060,7,4,2,REPEATER,,APPROVED,+201065133300,,,False,,,,,2025-09-02T00:00:00,2.0
61,Aya Osman,std.aya61@student.edu.eg,RFID-000061,+201026944487,UNI-2024-0061,7,2,2,PROBATION,,PENDING,+201069096899,,,False,,,,,,
62,Layla Shaker,std.layla62@student.edu.eg,RFID-000062,+201230718012,UNI-2020-0062,1,2,2,ACTIVE,,APPROVED,+201155440919,,,False,,,,,2025-09-20T00:00:00,2.0
63,Youssef Farouk,std.youssef63@student.edu.eg,RFID-000063,+201275491202,UNI-2024-0063,11,4,1,ACTIVE,,APPROVED,+201219183277,,,False,,,,,2025-09-08T00:00:00,2.0
64,Youssef Abdallah,std.youssef64@student.edu.eg,RFID-000064,+201250193656,UNI-2020-0064,2,1,1,PROBATION,,APPROVED,+201117532195,,,False,,,,,2025-09-10T00:00:00,2.0
65,Rania Mahmoud,std.rania65@student.edu.eg,RFID-000065,+201234166826,UNI-2021-0065,4,5,1,ACTIVE,,APPROVED,+201091804602,,,False,,,,,2025-09-28T00:00:00,2.0
66,Seif Hamdy,std.seif66@student.edu.eg,RFID-000066,+201244088261,UNI-2023-0066,10,2,2,ACTIVE,,APPROVED,+201211261301,,,False,,,,,2025-09-29T00:00:00,2.0
67,Amira Abdel-Rahman,std.amira67@student.edu.eg,RFID-000067,+201250151803,UNI-2025-0067,2,4,2,ACTIVE,,APPROVED,+201243567615,,,False,,,,,2025-09-15T00:00:00,2.0
68,Mona Hamdy,std.mona68@student.edu.eg,RFID-000068,+201187149951,UNI-2022-0068,2,2,2,GRADUATED,,APPROVED,+201098346110,,,False,,,,,2025-09-13T00:00:00,2.0
69,Sahar Ibrahim,std.sahar69@student.edu.eg,RFID-000069,+201140885967,UNI-2024-0069,10,4,2,ACTIVE,,APPROVED,+201095445405,,,False,,,,,2025-09-07T00:00:00,2.0
70,Mahmoud Ali,std.mahmoud70@student.edu.eg,RFID-000070,+201114478111,UNI-2024-0070,11,1,2,ACTIVE,,REJECTED,+201227637794,,,False,,Incomplete documents,2025-09-03T00:00:00,1.0,,
71,Sherif Abdallah,std.sherif71@student.edu.eg,RFID-000071,+201259104566,UNI-2024-0071,3,2,2,GRADUATED,,APPROVED,+201044489940,,,False,,,,,2025-09-30T00:00:00,2.0
72,Bassem Farouk,std.bassem72@student.edu.eg,RFID-000072,+201040281491,UNI-2025-0072,2,4,2,ACTIVE,,APPROVED,+201259093496,,,False,,,,,2025-09-03T00:00:00,2.0
73,Ziad Gamal,std.ziad73@student.edu.eg,RFID-000073,+201245186708,UNI-2024-0073,2,4,2,ACTIVE,,APPROVED,+201259858348,,,False,,,,,2025-09-04T00:00:00,1.0
74,Mohamed Ismail,std.mohamed74@student.edu.eg,RFID-000074,+201096926431,UNI-2020-0074,9,3,2,ACTIVE,,APPROVED,+201250559278,,,False,,,,,2025-09-21T00:00:00,2.0
75,Mahmoud Ibrahim,std.mahmoud75@student.edu.eg,RFID-000075,+201023044889,UNI-2021-0075,1,3,1,ACTIVE,,APPROVED,+201170887034,,,False,,,,,2025-09-12T00:00:00,2.0
76,Mostafa Abdallah,std.mostafa76@student.edu.eg,RFID-000076,+201264776386,UNI-2022-0076,11,1,1,DISMISSED,,APPROVED,+201259731689,,,False,,,,,2025-09-07T00:00:00,2.0
77,Seif Nasser,std.seif77@student.edu.eg,RFID-000077,+201258140388,UNI-2020-0077,2,3,2,ACTIVE,,APPROVED,+201135475673,,,False,,,,,2025-10-01T00:00:00,1.0
78,Mariam Hassan,std.mariam78@student.edu.eg,RFID-000078,+201212866549,UNI-2020-0078,11,2,2,GRADUATED,,APPROVED,+201026901217,,,False,,,,,2025-09-26T00:00:00,1.0
79,Heba Mohamed,std.heba79@student.edu.eg,RFID-000079,+201054098516,UNI-2021-0079,10,2,1,ACTIVE,,APPROVED,+201129419691,,,False,,,,,2025-09-05T00:00:00,2.0
80,Tarek Ali,std.tarek80@student.edu.eg,RFID-000080,+201141934639,UNI-2024-0080,11,1,2,ACTIVE,,APPROVED,+201033386929,,,False,,,,,2025-09-09T00:00:00,1.0
81,Hana Tawfik,std.hana81@student.edu.eg,RFID-000081,+201178885632,UNI-2024-0081,2,1,1,ACTIVE,,APPROVED,+201177624084,,,False,,,,,2025-09-08T00:00:00,1.0
82,Layla Saleh,std.layla82@student.edu.eg,RFID-000082,+201163904155,UNI-2023-0082,8,1,1,ACTIVE,,APPROVED,+201169533928,,,False,,,,,2025-09-03T00:00:00,1.0
83,Eman Mahmoud,std.eman83@student.edu.eg,RFID-000083,+201288566318,UNI-2024-0083,2,2,2,ACTIVE,,APPROVED,+201190180577,,,False,,,,,2025-09-17T00:00:00,2.0
84,Noura Ismail,std.noura84@student.edu.eg,RFID-000084,+201097874085,UNI-2025-0084,7,1,1,ACTIVE,,APPROVED,+201170606674,,,False,,,,,2025-09-29T00:00:00,1.0
85,Wael Shaker,std.wael85@student.edu.eg,RFID-000085,+201167279295,UNI-2022-0085,7,4,2,ACTIVE,,APPROVED,+201130486849,,,False,,,,,2025-09-22T00:00:00,2.0
86,Youssef Hassan,std.youssef86@student.edu.eg,RFID-000086,+201260015814,UNI-2021-0086,2,4,1,ACTIVE,,APPROVED,+201285374852,,,False,,,,,2025-09-18T00:00:00,2.0
87,Khaled Abdallah,std.khaled87@student.edu.eg,RFID-000087,+201116904975,UNI-2022-0087,6,6,2,ACTIVE,,APPROVED,+201123905032,,,False,,,,,2025-09-19T00:00:00,1.0
88,Aya Khalil,std.aya88@student.edu.eg,RFID-000088,+201125419645,UNI-2022-0088,2,3,1,ACTIVE,,APPROVED,+201185291541,,,False,,,,,2025-09-25T00:00:00,1.0
89,Ayman El-Sayed,std.ayman89@student.edu.eg,RFID-000089,+201155610493,UNI-2022-0089,3,3,1,ACTIVE,,APPROVED,+201029226889,,,False,,,,,2025-09-19T00:00:00,2.0
90,Mostafa El-Sayed,std.mostafa90@student.edu.eg,RFID-000090,+201170887307,UNI-2022-0090,2,5,1,GRADUATED,,APPROVED,+201151827259,,,False,,,,,2025-09-24T00:00:00,2.0
91,Sahar Ismail,std.sahar91@student.edu.eg,RFID-000091,+201216679008,UNI-2025-0091,2,1,1,ACTIVE,,APPROVED,+201169473616,,,False,,,,,2025-09-22T00:00:00,2.0
92,Eman Shaker,std.eman92@student.edu.eg,RFID-000092,+201225276327,UNI-2022-0092,7,3,2,DISMISSED,,APPROVED,+201048016697,,,False,,,,,2025-09-22T00:00:00,2.0
93,Nour Ibrahim,std.nour93@student.edu.eg,RFID-000093,+201011031743,UNI-2021-0093,4,4,2,ACTIVE,,APPROVED,+201028419343,,,False,,,,,2025-09-25T00:00:00,2.0
94,Sherif Ali,std.sherif94@student.edu.eg,RFID-000094,+201027339011,UNI-2023-0094,1,4,1,PROBATION,,APPROVED,+201284990607,,,False,,,,,2025-09-27T00:00:00,2.0
95,Dina Ibrahim,std.dina95@student.edu.eg,RFID-000095,+201052018286,UNI-2024-0095,7,1,2,ACTIVE,,APPROVED,+201264280720,,,False,,,,,2025-09-23T00:00:00,2.0
96,Khaled Osman,std.khaled96@student.edu.eg,RFID-000096,+201271753160,UNI-2025-0096,1,3,2,ACTIVE,,PENDING,+201068614462,,,False,,,,,,
97,Seif Abdallah,std.seif97@student.edu.eg,RFID-000097,+201151644346,UNI-2025-0097,10,4,2,DISMISSED,,APPROVED,+201054703713,,,False,,,,,2025-09-25T00:00:00,1.0
98,Noura Ali,std.noura98@student.edu.eg,RFID-000098,+201157123808,UNI-2025-0098,9,2,1,ACTIVE,,APPROVED,+201023798190,,,False,,,,,2025-09-05T00:00:00,2.0
99,Tarek Ismail,std.tarek99@student.edu.eg,RFID-000099,+201276319264,UNI-2023-0099,3,1,2,ACTIVE,,PENDING,+201285764804,,,False,,,,,,
100,Ghada Ismail,std.ghada100@student.edu.eg,RFID-000100,+201119165226,UNI-2023-0100,6,6,2,REPEATER,,APPROVED,+201250643870,,,False,,,,,2025-09-26T00:00:00,2.0
101,Ali Nasser,std.ali101@student.edu.eg,RFID-000101,+201115047559,UNI-2020-0101,9,1,2,ACTIVE,,APPROVED,+201120298660,,,False,,,,,2025-09-21T00:00:00,1.0
102,Eman Tawfik,std.eman102@student.edu.eg,RFID-000102,+201215505975,UNI-2023-0102,7,4,1,ACTIVE,,PENDING,+201191202508,,,False,,,,,,
103,Noura Mahmoud,std.noura103@student.edu.eg,RFID-000103,+201121318464,UNI-2024-0103,1,4,1,ACTIVE,,APPROVED,+201043251599,,,False,,,,,2025-09-23T00:00:00,2.0
104,Layla Tawfik,std.layla104@student.edu.eg,RFID-000104,+201161998170,UNI-2023-0104,10,2,2,ACTIVE,,APPROVED,+201290246882,,,False,,,,,2025-09-02T00:00:00,2.0
105,Wael Ali,std.wael105@student.edu.eg,RFID-000105,+201298122539,UNI-2024-0105,9,4,1,ACTIVE,,APPROVED,+201120939011,,,False,,,,,2025-09-19T00:00:00,1.0
106,Nour Osman,std.nour106@student.edu.eg,RFID-000106,+201051551377,UNI-2024-0106,3,5,2,ACTIVE,,APPROVED,+201254087376,,,False,,,,,2025-09-27T00:00:00,1.0
107,Layla Hassan,std.layla107@student.edu.eg,RFID-000107,+201058667035,UNI-2022-0107,11,4,1,ACTIVE,,APPROVED,+201055866538,,,False,,,,,2025-10-01T00:00:00,2.0
108,Eslam Mahmoud,std.eslam108@student.edu.eg,RFID-000108,+201078140959,UNI-2024-0108,3,1,1,ACTIVE,,APPROVED,+201255199748,,,False,,,,,2025-09-29T00:00:00,1.0
109,Mona Mahmoud,std.mona109@student.edu.eg,RFID-000109,+201232218290,UNI-2025-0109,3,2,2,ACTIVE,,APPROVED,+201065144509,,,False,,,,,2025-09-12T00:00:00,1.0
110,Nahla Saleh,std.nahla110@student.edu.eg,RFID-000110,+201051536077,UNI-2023-0110,12,4,1,ACTIVE,,APPROVED,+201186560394,,,False,,,,,2025-09-15T00:00:00,2.0
111,Bassem Osman,std.bassem111@student.edu.eg,RFID-000111,+201091156554,UNI-2021-0111,9,4,2,ACTIVE,,APPROVED,+201096057593,,,False,,,,,2025-09-16T00:00:00,2.0
112,Ibrahim Tawfik,std.ibrahim112@student.edu.eg,RFID-000112,+201046613428,UNI-2023-0112,2,3,1,ACTIVE,,APPROVED,+201122309586,,,False,,,,,2025-10-01T00:00:00,1.0
113,Yasmin Nasser,std.yasmin113@student.edu.eg,RFID-000113,+201260192261,UNI-2021-0113,1,4,2,ACTIVE,,APPROVED,+201060319927,,,False,,,,,2025-09-08T00:00:00,1.0
114,Ibrahim Farouk,std.ibrahim114@student.edu.eg,RFID-000114,+201128628439,UNI-2025-0114,3,2,2,GRADUATED,,APPROVED,+201192590645,,,False,,,,,2025-09-01T00:00:00,1.0
115,Ziad Mohamed,std.ziad115@student.edu.eg,RFID-000115,+201280836292,UNI-2023-0115,3,5,1,REPEATER,,APPROVED,+201141895531,,,False,,,,,2025-09-10T00:00:00,1.0
116,Seif Abdallah,std.seif116@student.edu.eg,RFID-000116,+201190092958,UNI-2024-0116,11,4,1,PROBATION,,APPROVED,+201279172559,,,False,,,,,2025-09-19T00:00:00,1.0
117,Mostafa Saleh,std.mostafa117@student.edu.eg,RFID-000117,+201086593187,UNI-2023-0117,7,1,1,ACTIVE,,APPROVED,+201299686286,,,False,,,,,2025-09-03T00:00:00,2.0
118,Layla Gamal,std.layla118@student.edu.eg,RFID-000118,+201115843091,UNI-2025-0118,9,1,2,ACTIVE,,APPROVED,+201144044361,,,False,,,,,2025-09-24T00:00:00,1.0
119,Hassan Nasser,std.hassan119@student.edu.eg,RFID-000119,+201088101741,UNI-2025-0119,4,6,2,ACTIVE,,APPROVED,+201015950635,,,False,,,,,2025-09-12T00:00:00,2.0
120,Nourhan Abdel-Rahman,std.nourhan120@student.edu.eg,RFID-000120,+201194790150,UNI-2021-0120,11,4,1,ACTIVE,,APPROVED,+201071428713,,,False,,,,,2025-09-02T00:00:00,2.0
121,Omar Mohamed,std.omar121@student.edu.eg,RFID-000121,+201263448727,UNI-2024-0121,1,3,2,GRADUATED,,PENDING,+201114915156,,,False,,,,,,
122,Nourhan Mohamed,std.nourhan122@student.edu.eg,RFID-000122,+201098010774,UNI-2022-0122,5,3,2,DISMISSED,,APPROVED,+201059394697,,,False,,,,,2025-09-14T00:00:00,2.0
123,Yasmin Osman,std.yasmin123@student.edu.eg,RFID-000123,+201159304469,UNI-2024-0123,6,2,2,ACTIVE,,PENDING,+201066975380,,,False,,,,,,
124,Rania Ismail,std.rania124@student.edu.eg,RFID-000124,+201020746667,UNI-2022-0124,3,5,2,ACTIVE,,REJECTED,+201169849800,,,False,,Incomplete documents,2025-09-20T00:00:00,1.0,,
125,Rania Abdel-Rahman,std.rania125@student.edu.eg,RFID-000125,+201057319709,UNI-2024-0125,12,4,2,GRADUATED,,APPROVED,+201195828117,,,False,,,,,2025-09-26T00:00:00,1.0
126,Ghada Osman,std.ghada126@student.edu.eg,RFID-000126,+201231473054,UNI-2020-0126,6,5,1,ACTIVE,,APPROVED,+201268810561,,,False,,,,,2025-09-02T00:00:00,1.0
127,Seif Nasser,std.seif127@student.edu.eg,RFID-000127,+201091214453,UNI-2021-0127,6,4,2,REPEATER,,APPROVED,+201159930790,,,False,,,,,2025-09-15T00:00:00,1.0
128,Mahmoud Tawfik,std.mahmoud128@student.edu.eg,RFID-000128,+201143502308,UNI-2020-0128,6,4,1,ACTIVE,,APPROVED,+201234970946,,,False,,,,,2025-09-16T00:00:00,2.0
129,Khaled Mansour,std.khaled129@student.edu.eg,RFID-000129,+201248329479,UNI-2025-0129,5,6,2,GRADUATED,,APPROVED,+201026460116,,,False,,,,,2025-09-05T00:00:00,1.0
130,Tarek Shaker,std.tarek130@student.edu.eg,RFID-000130,+201218715975,UNI-2024-0130,2,3,2,ACTIVE,,APPROVED,+201131139996,,,False,,,,,2025-09-23T00:00:00,1.0
131,Sara Tawfik,std.sara131@student.edu.eg,RFID-000131,+201041774192,UNI-2023-0131,4,1,1,ACTIVE,,REJECTED,+201184359498,,,False,,Incomplete documents,2025-09-19T00:00:00,1.0,,
132,Mariam Gamal,std.mariam132@student.edu.eg,RFID-000132,+201051512297,UNI-2023-0132,3,5,2,ACTIVE,,APPROVED,+201265135987,,,False,,,,,2025-09-25T00:00:00,2.0
133,Sahar Hassan,std.sahar133@student.edu.eg,RFID-000133,+201172523073,UNI-2025-0133,3,3,2,REPEATER,,APPROVED,+201083994695,,,False,,,,,2025-09-21T00:00:00,1.0
134,Mahmoud Abdallah,std.mahmoud134@student.edu.eg,RFID-000134,+201230537388,UNI-2022-0134,9,1,1,ACTIVE,,APPROVED,+201053306792,,,False,,,,,2025-09-30T00:00:00,1.0
135,Layla Saleh,std.layla135@student.edu.eg,RFID-000135,+201246836194,UNI-2021-0135,2,3,2,ACTIVE,,APPROVED,+201281602209,,,False,,,,,2025-09-03T00:00:00,1.0
136,Nesma Mahmoud,std.nesma136@student.edu.eg,RFID-000136,+201255314533,UNI-2024-0136,3,5,1,PROBATION,,APPROVED,+201020901547,,,False,,,,,2025-09-02T00:00:00,2.0
137,Karim Morsi,std.karim137@student.edu.eg,RFID-000137,+201283226170,UNI-2022-0137,7,1,2,REPEATER,,PENDING,+201142866956,,,False,,,,,,
138,Dina Saleh,std.dina138@student.edu.eg,RFID-000138,+201069002851,UNI-2023-0138,8,1,2,ACTIVE,,APPROVED,+201137383505,,,False,,,,,2025-09-11T00:00:00,1.0
139,Sherif Nasser,std.sherif139@student.edu.eg,RFID-000139,+201285383550,UNI-2020-0139,7,2,2,PROBATION,,APPROVED,+201072608888,,,False,,,,,2025-09-04T00:00:00,2.0
140,Seif Mahmoud,std.seif140@student.edu.eg,RFID-000140,+201192594562,UNI-2023-0140,2,1,1,ACTIVE,,APPROVED,+201053947691,,,False,,,,,2025-09-30T00:00:00,2.0
141,Amr Hamdy,std.amr141@student.edu.eg,RFID-000141,+201176755908,UNI-2020-0141,9,4,1,REPEATER,,APPROVED,+201177839607,,,False,,,,,2025-09-15T00:00:00,1.0
142,Nesma Nasser,std.nesma142@student.edu.eg,RFID-000142,+201297813295,UNI-2025-0142,1,1,2,ACTIVE,,APPROVED,+201182033413,,,False,,,,,2025-09-01T00:00:00,1.0
143,Mahmoud Mansour,std.mahmoud143@student.edu.eg,RFID-000143,+201116072331,UNI-2023-0143,12,3,1,ACTIVE,,APPROVED,+201285405783,,,False,,,,,2025-09-07T00:00:00,2.0
144,Bassem Hassan,std.bassem144@student.edu.eg,RFID-000144,+201193650068,UNI-2025-0144,7,4,1,ACTIVE,,APPROVED,+201022976369,,,False,,,,,2025-09-13T00:00:00,2.0
145,Wael Gamal,std.wael145@student.edu.eg,RFID-000145,+201263873262,UNI-2024-0145,6,2,1,ACTIVE,,APPROVED,+201015222944,,,False,,,,,2025-09-05T00:00:00,2.0
146,Aya Tawfik,std.aya146@student.edu.eg,RFID-000146,+201228761086,UNI-2022-0146,8,2,2,ACTIVE,,APPROVED,+201062741471,,,False,,,,,2025-09-20T00:00:00,2.0
147,Wael Tawfik,std.wael147@student.edu.eg,RFID-000147,+201173739005,UNI-2020-0147,9,4,2,PROBATION,,APPROVED,+201124710878,,,False,,,,,2025-09-14T00:00:00,2.0
148,Ghada El-Sayed,std.ghada148@student.edu.eg,RFID-000148,+201287641510,UNI-2024-0148,10,4,1,ACTIVE,,APPROVED,+201216892773,,,False,,,,,2025-09-19T00:00:00,2.0
149,Layla Ismail,std.layla149@student.edu.eg,RFID-000149,+201014237322,UNI-2024-0149,7,2,1,PROBATION,,APPROVED,+201012541730,,,False,,,,,2025-09-15T00:00:00,2.0
150,Mostafa Abdallah,std.mostafa150@student.edu.eg,RFID-000150,+201273297813,UNI-2025-0150,12,2,1,ACTIVE,,APPROVED,+201228533117,,,False,,,,,2025-09-17T00:00:00,1.0
151,Sherif Hamdy,std.sherif151@student.edu.eg,RFID-000151,+201071694994,UNI-2024-0151,9,4,2,ACTIVE,,APPROVED,+201257551594,,,False,,,,,2025-09-22T00:00:00,2.0
152,Aya Mohamed,std.aya152@student.edu.eg,RFID-000152,+201049945150,UNI-2022-0152,4,3,1,ACTIVE,,APPROVED,+201275632882,,,False,,,,,2025-09-11T00:00:00,2.0
153,Heba Mansour,std.heba153@student.edu.eg,RFID-000153,+201260961690,UNI-2023-0153,5,1,2,ACTIVE,,REJECTED,+201048983895,,,False,,Incomplete documents,2025-09-02T00:00:00,1.0,,
154,Youssef Nasser,std.youssef154@student.edu.eg,RFID-000154,+201037121108,UNI-2024-0154,8,3,2,ACTIVE,,APPROVED,+201246456416,,,False,,,,,2025-09-05T00:00:00,1.0
155,Nesma Khalil,std.nesma155@student.edu.eg,RFID-000155,+201240289135,UNI-2025-0155,4,1,1,PROBATION,,APPROVED,+201023448342,,,False,,,,,2025-09-14T00:00:00,2.0
156,Aya Ali,std.aya156@student.edu.eg,RFID-000156,+201231198492,UNI-2023-0156,11,2,2,ACTIVE,,APPROVED,+201197313825,,,True,Academic misconduct,,,,2025-09-07T00:00:00,2.0
157,Bassem Ibrahim,std.bassem157@student.edu.eg,RFID-000157,+201215006085,UNI-2021-0157,2,5,2,ACTIVE,,REJECTED,+201014877451,,,False,,Incomplete documents,2025-09-27T00:00:00,1.0,,
158,Salma Abdel-Rahman,std.salma158@student.edu.eg,RFID-000158,+201050049524,UNI-2024-0158,12,3,1,REPEATER,,APPROVED,+201148193218,,,False,,,,,2025-09-15T00:00:00,2.0
159,Noura Shaker,std.noura159@student.edu.eg,RFID-000159,+201131809610,UNI-2025-0159,5,2,2,ACTIVE,,APPROVED,+201244529507,,,False,,,,,2025-09-23T00:00:00,1.0
160,Wael Saleh,std.wael160@student.edu.eg,RFID-000160,+201264423996,UNI-2023-0160,10,2,2,ACTIVE,,APPROVED,+201063798927,,,False,,,,,2025-09-22T00:00:00,1.0
161,Mahmoud Hamdy,std.mahmoud161@student.edu.eg,RFID-000161,+201141611127,UNI-2023-0161,6,2,2,ACTIVE,,APPROVED,+201150526484,,,True,Academic misconduct,,,,2025-09-19T00:00:00,1.0
162,Nourhan Nasser,std.nourhan162@student.edu.eg,RFID-000162,+201072464258,UNI-2022-0162,12,2,1,ACTIVE,,APPROVED,+201177447155,,,False,,,,,2025-09-30T00:00:00,2.0
163,Khaled Saleh,std.khaled163@student.edu.eg,RFID-000163,+201074180488,UNI-2021-0163,6,5,2,GRADUATED,,APPROVED,+201291300905,,,False,,,,,2025-09-12T00:00:00,2.0
164,Heba Hamdy,std.heba164@student.edu.eg,RFID-000164,+201289968863,UNI-2020-0164,9,2,2,ACTIVE,,APPROVED,+201258557943,,,False,,,,,2025-09-03T00:00:00,1.0
165,Heba Tawfik,std.heba165@student.edu.eg,RFID-000165,+201054039203,UNI-2024-0165,4,5,2,ACTIVE,,APPROVED,+201037568520,,,False,,,,,2025-09-23T00:00:00,2.0
166,Noura Shaker,std.noura166@student.edu.eg,RFID-000166,+201171310453,UNI-2024-0166,1,4,1,ACTIVE,,APPROVED,+201272059365,,,False,,,,,2025-09-22T00:00:00,2.0
167,Mohamed Osman,std.mohamed167@student.edu.eg,RFID-000167,+201219801857,UNI-2020-0167,5,1,2,ACTIVE,,APPROVED,+201118557710,,,False,,,,,2025-09-18T00:00:00,1.0
168,Aya Ibrahim,std.aya168@student.edu.eg,RFID-000168,+201096104027,UNI-2025-0168,5,4,2,ACTIVE,,APPROVED,+201161335545,,,False,,,,,2025-09-15T00:00:00,2.0
169,Youssef Gamal,std.youssef169@student.edu.eg,RFID-000169,+201262755436,UNI-2024-0169,3,3,1,REPEATER,,APPROVED,+201239888974,,,False,,,,,2025-09-27T00:00:00,1.0
170,Mohamed Saleh,std.mohamed170@student.edu.eg,RFID-000170,+201043220503,UNI-2023-0170,8,4,2,ACTIVE,,APPROVED,+201046997080,,,False,,,,,2025-09-07T00:00:00,1.0
171,Hana Ismail,std.hana171@student.edu.eg,RFID-000171,+201089717834,UNI-2020-0171,1,2,2,ACTIVE,,APPROVED,+201216533225,,,False,,,,,2025-09-08T00:00:00,1.0
172,Yasmin Khalil,std.yasmin172@student.edu.eg,RFID-000172,+201028808678,UNI-2024-0172,9,2,2,ACTIVE,,APPROVED,+201087324220,,,False,,,,,2025-09-11T00:00:00,2.0
173,Nour Mahmoud,std.nour173@student.edu.eg,RFID-000173,+201118181595,UNI-2024-0173,11,2,1,ACTIVE,,APPROVED,+201267337891,,,False,,,,,2025-09-18T00:00:00,2.0
174,Fatma Osman,std.fatma174@student.edu.eg,RFID-000174,+201130027648,UNI-2022-0174,9,3,2,ACTIVE,,APPROVED,+201082199509,,,False,,,,,2025-09-16T00:00:00,1.0
175,Nour Mahmoud,std.nour175@student.edu.eg,RFID-000175,+201184797762,UNI-2024-0175,8,1,1,ACTIVE,,APPROVED,+201142595918,,,False,,,,,2025-09-09T00:00:00,1.0
176,Nourhan Hassan,std.nourhan176@student.edu.eg,RFID-000176,+201235566010,UNI-2020-0176,8,3,2,ACTIVE,,APPROVED,+201191197624,,,False,,,,,2025-09-20T00:00:00,1.0
177,Hossam Morsi,std.hossam177@student.edu.eg,RFID-000177,+201150693207,UNI-2020-0177,12,2,1,ACTIVE,,APPROVED,+201025745913,,,False,,,,,2025-09-24T00:00:00,2.0
178,Eman Mohamed,std.eman178@student.edu.eg,RFID-000178,+201161091554,UNI-2023-0178,7,2,2,ACTIVE,,APPROVED,+201145106207,,,False,,,,,2025-09-12T00:00:00,2.0
179,Ibrahim Hamdy,std.ibrahim179@student.edu.eg,RFID-000179,+201116135823,UNI-2024-0179,6,2,1,ACTIVE,,APPROVED,+201229585415,,,False,,,,,2025-09-01T00:00:00,2.0
180,Nesma Morsi,std.nesma180@student.edu.eg,RFID-000180,+201054273769,UNI-2021-0180,12,4,2,GRADUATED,,APPROVED,+201242981324,,,False,,,,,2025-09-16T00:00:00,2.0
181,Salma Hamdy,std.salma181@student.edu.eg,RFID-000181,+201132718459,UNI-2021-0181,8,2,2,ACTIVE,,APPROVED,+201082764376,,,False,,,,,2025-09-21T00:00:00,1.0
182,Omar Hassan,std.omar182@student.edu.eg,RFID-000182,+201128453800,UNI-2025-0182,11,1,1,ACTIVE,,APPROVED,+201030270856,,,False,,,,,2025-09-01T00:00:00,1.0
183,Mariam Nasser,std.mariam183@student.edu.eg,RFID-000183,+201274854563,UNI-2025-0183,1,5,2,GRADUATED,,APPROVED,+201010887495,,,False,,,,,2025-09-18T00:00:00,2.0
184,Mohamed Tawfik,std.mohamed184@student.edu.eg,RFID-000184,+201112300840,UNI-2024-0184,12,3,2,GRADUATED,,PENDING,+201024363501,,,False,,,,,,
185,Layla Mahmoud,std.layla185@student.edu.eg,RFID-000185,+201157572279,UNI-2022-0185,4,2,2,ACTIVE,,APPROVED,+201060070135,,,False,,,,,2025-10-01T00:00:00,2.0
186,Sahar Khalil,std.sahar186@student.edu.eg,RFID-000186,+201097742922,UNI-2025-0186,12,2,1,ACTIVE,,APPROVED,+201064395532,,,False,,,,,2025-09-13T00:00:00,2.0
187,Aya Ibrahim,std.aya187@student.edu.eg,RFID-000187,+201077089857,UNI-2023-0187,11,1,2,ACTIVE,,APPROVED,+201222799248,,,False,,,,,2025-09-29T00:00:00,1.0
188,Karim Morsi,std.karim188@student.edu.eg,RFID-000188,+201047631028,UNI-2024-0188,8,3,1,ACTIVE,,APPROVED,+201052209421,,,False,,,,,2025-09-01T00:00:00,1.0
189,Mostafa Osman,std.mostafa189@student.edu.eg,RFID-000189,+201086060638,UNI-2023-0189,2,3,2,REPEATER,,APPROVED,+201128783850,,,False,,,,,2025-09-26T00:00:00,1.0
190,Fatma Ibrahim,std.fatma190@student.edu.eg,RFID-000190,+201055713584,UNI-2024-0190,2,4,2,PROBATION,,APPROVED,+201113976288,,,False,,,,,2025-09-21T00:00:00,2.0
191,Yasmin Hamdy,std.yasmin191@student.edu.eg,RFID-000191,+201167961650,UNI-2021-0191,4,3,2,ACTIVE,,APPROVED,+201093029219,,,False,,,,,2025-09-10T00:00:00,1.0
192,Hassan Hassan,std.hassan192@student.edu.eg,RFID-000192,+201230706693,UNI-2025-0192,5,2,2,ACTIVE,,APPROVED,+201158412365,,,False,,,,,2025-09-04T00:00:00,1.0
193,Nour Shaker,std.nour193@student.edu.eg,RFID-000193,+201035151299,UNI-2023-0193,6,3,2,ACTIVE,,APPROVED,+201284455942,,,False,,,,,2025-09-17T00:00:00,2.0
194,Mohamed Hassan,std.mohamed194@student.edu.eg,RFID-000194,+201253544301,UNI-2023-0194,6,5,1,ACTIVE,,APPROVED,+201165540647,,,False,,,,,2025-09-13T00:00:00,1.0
195,Heba Khalil,std.heba195@student.edu.eg,RFID-000195,+201028634797,UNI-2022-0195,10,2,2,PROBATION,,APPROVED,+201176185975,,,False,,,,,2025-09-05T00:00:00,1.0
196,Rania Mansour,std.rania196@student.edu.eg,RFID-000196,+201058469365,UNI-2022-0196,7,3,1,GRADUATED,,APPROVED,+201293890601,,,False,,,,,2025-09-16T00:00:00,1.0
197,Ibrahim Mahmoud,std.ibrahim197@student.edu.eg,RFID-000197,+201193240786,UNI-2023-0197,5,1,2,ACTIVE,,APPROVED,+201154927535,,,False,,,,,2025-09-14T00:00:00,1.0
198,Sherif Ismail,std.sherif198@student.edu.eg,RFID-000198,+201063450811,UNI-2022-0198,12,2,2,ACTIVE,,PENDING,+201294946730,,,False,,,,,,
199,Sahar Khalil,std.sahar199@student.edu.eg,RFID-000199,+201158991556,UNI-2020-0199,6,4,1,REPEATER,,APPROVED,+201283233096,,,False,,,,,2025-09-06T00:00:00,1.0
200,Mariam Mohamed,std.mariam200@student.edu.eg,RFID-000200,+201064914054,UNI-2025-0200,8,3,2,PROBATION,,APPROVED,+201095004924,,,False,,,,,2025-09-10T00:00:00,1.0
201,Mostafa Abdallah,std.mostafa201@student.edu.eg,RFID-000201,+201274321792,UNI-2024-0201,7,1,2,ACTIVE,,PENDING,+201277996397,,,False,,,,,,
202,Hana Gamal,std.hana202@student.edu.eg,RFID-000202,+201289701163,UNI-2025-0202,1,3,1,ACTIVE,,APPROVED,+201043316996,,,False,,,,,2025-09-22T00:00:00,2.0
203,Nourhan Ismail,std.nourhan203@student.edu.eg,RFID-000203,+201296804457,UNI-2023-0203,1,5,2,ACTIVE,,PENDING,+201124219637,,,False,,,,,,
204,Ibrahim Mansour,std.ibrahim204@student.edu.eg,RFID-000204,+201287915846,UNI-2025-0204,4,5,1,ACTIVE,,APPROVED,+201160213478,,,False,,,,,2025-09-13T00:00:00,2.0
205,Nesma Tawfik,std.nesma205@student.edu.eg,RFID-000205,+201124032377,UNI-2022-0205,3,3,2,DISMISSED,,APPROVED,+201025578562,,,False,,,,,2025-09-27T00:00:00,1.0
206,Nour Farouk,std.nour206@student.edu.eg,RFID-000206,+201173909453,UNI-2020-0206,8,2,2,ACTIVE,,PENDING,+201270726434,,,False,,,,,,
207,Hassan Saleh,std.hassan207@student.edu.eg,RFID-000207,+201196969050,UNI-2020-0207,1,1,1,GRADUATED,,APPROVED,+201242737441,,,True,Academic misconduct,,,,2025-09-17T00:00:00,1.0
208,Amr Farouk,std.amr208@student.edu.eg,RFID-000208,+201064364546,UNI-2025-0208,9,4,1,ACTIVE,,APPROVED,+201095963619,,,False,,,,,2025-09-22T00:00:00,2.0
209,Mohamed Ismail,std.mohamed209@student.edu.eg,RFID-000209,+201110597274,UNI-2025-0209,4,4,1,ACTIVE,,APPROVED,+201047358810,,,False,,,,,2025-09-25T00:00:00,1.0
210,Ibrahim Gamal,std.ibrahim210@student.edu.eg,RFID-000210,+201125294777,UNI-2022-0210,3,3,2,ACTIVE,,APPROVED,+201295779702,,,False,,,,,2025-09-11T00:00:00,2.0
211,Dina Morsi,std.dina211@student.edu.eg,RFID-000211,+201192861016,UNI-2021-0211,2,3,2,PROBATION,,APPROVED,+201289211057,,,False,,,,,2025-09-03T00:00:00,1.0
212,Khaled Khalil,std.khaled212@student.edu.eg,RFID-000212,+201228972822,UNI-2024-0212,5,1,2,ACTIVE,,APPROVED,+201190050918,,,False,,,,,2025-09-05T00:00:00,2.0
213,Tarek Hamdy,std.tarek213@student.edu.eg,RFID-000213,+201148766747,UNI-2021-0213,11,2,1,ACTIVE,,APPROVED,+201170532325,,,False,,,,,2025-09-20T00:00:00,1.0
214,Ahmed Hamdy,std.ahmed214@student.edu.eg,RFID-000214,+201277838742,UNI-2025-0214,3,2,2,ACTIVE,,PENDING,+201175998330,,,False,,,,,,
215,Yasmin Hamdy,std.yasmin215@student.edu.eg,RFID-000215,+201049203644,UNI-2020-0215,3,1,2,ACTIVE,,APPROVED,+201082156607,,,False,,,,,2025-09-10T00:00:00,1.0
216,Mariam Morsi,std.mariam216@student.edu.eg,RFID-000216,+201086868379,UNI-2020-0216,12,4,2,ACTIVE,,APPROVED,+201259239353,,,False,,,,,2025-09-18T00:00:00,1.0
217,Yasmin Gamal,std.yasmin217@student.edu.eg,RFID-000217,+201243223132,UNI-2022-0217,4,4,1,ACTIVE,,APPROVED,+201145274462,,,False,,,,,2025-09-12T00:00:00,1.0
218,Khaled Khalil,std.khaled218@student.edu.eg,RFID-000218,+201191907952,UNI-2025-0218,4,6,2,ACTIVE,,APPROVED,+201092698414,,,False,,,,,2025-09-05T00:00:00,1.0
219,Karim Ibrahim,std.karim219@student.edu.eg,RFID-000219,+201282312290,UNI-2021-0219,10,3,2,ACTIVE,,APPROVED,+201249276764,,,False,,,,,2025-09-10T00:00:00,2.0
220,Ibrahim Mahmoud,std.ibrahim220@student.edu.eg,RFID-000220,+201227030641,UNI-2025-0220,7,1,1,ACTIVE,,APPROVED,+201029628462,,,False,,,,,2025-09-23T00:00:00,2.0
221,Seif Osman,std.seif221@student.edu.eg,RFID-000221,+201194263610,UNI-2023-0221,8,2,2,ACTIVE,,REJECTED,+201120135622,,,False,,Incomplete documents,2025-09-21T00:00:00,1.0,,
222,Youssef Osman,std.youssef222@student.edu.eg,RFID-000222,+201171028216,UNI-2023-0222,9,3,2,ACTIVE,,APPROVED,+201210331931,,,False,,,,,2025-09-28T00:00:00,1.0
223,Mariam Nasser,std.mariam223@student.edu.eg,RFID-000223,+201138434222,UNI-2023-0223,2,5,2,PROBATION,,PENDING,+201148063218,,,False,,,,,,
224,Heba Morsi,std.heba224@student.edu.eg,RFID-000224,+201116497381,UNI-2020-0224,3,5,1,GRADUATED,,APPROVED,+201271684020,,,False,,,,,2025-09-01T00:00:00,1.0
225,Yasmin Shaker,std.yasmin225@student.edu.eg,RFID-000225,+201227705074,UNI-2025-0225,1,4,2,ACTIVE,,APPROVED,+201046778269,,,False,,,,,2025-09-03T00:00:00,2.0
226,Youssef Nasser,std.youssef226@student.edu.eg,RFID-000226,+201251004756,UNI-2025-0226,11,2,1,PROBATION,,APPROVED,+201197977738,,,False,,,,,2025-09-03T00:00:00,1.0
227,Karim Hamdy,std.karim227@student.edu.eg,RFID-000227,+201269735865,UNI-2020-0227,2,2,1,ACTIVE,,PENDING,+201256113741,,,False,,,,,,
228,Khaled Abdallah,std.khaled228@student.edu.eg,RFID-000228,+201061414775,UNI-2020-0228,12,2,1,ACTIVE,,APPROVED,+201052057323,,,False,,,,,2025-09-12T00:00:00,2.0
229,Mona Mahmoud,std.mona229@student.edu.eg,RFID-000229,+201211137460,UNI-2024-0229,11,2,1,ACTIVE,,APPROVED,+201157135617,,,False,,,,,2025-09-24T00:00:00,1.0
230,Mostafa Abdallah,std.mostafa230@student.edu.eg,RFID-000230,+201023484199,UNI-2021-0230,10,4,1,ACTIVE,,APPROVED,+201261543890,,,False,,,,,2025-09-12T00:00:00,2.0
231,Mahmoud Khalil,std.mahmoud231@student.edu.eg,RFID-000231,+201290664728,UNI-2024-0231,5,6,2,ACTIVE,,APPROVED,+201213600310,,,False,,,,,2025-09-28T00:00:00,2.0
232,Layla Ismail,std.layla232@student.edu.eg,RFID-000232,+201196727439,UNI-2020-0232,9,2,1,ACTIVE,,APPROVED,+201161792685,,,False,,,,,2025-09-04T00:00:00,1.0
233,Ghada Ismail,std.ghada233@student.edu.eg,RFID-000233,+201058465780,UNI-2022-0233,2,5,1,GRADUATED,,APPROVED,+201186286724,,,False,,,,,2025-09-14T00:00:00,2.0
234,Tarek Hamdy,std.tarek234@student.edu.eg,RFID-000234,+201045189912,UNI-2021-0234,2,1,1,ACTIVE,,APPROVED,+201063415303,,,False,,,,,2025-09-17T00:00:00,2.0
235,Noura Abdallah,std.noura235@student.edu.eg,RFID-000235,+201282162880,UNI-2024-0235,7,4,1,ACTIVE,,REJECTED,+201121220209,,,False,,Incomplete documents,2025-09-10T00:00:00,1.0,,
236,Noura Mohamed,std.noura236@student.edu.eg,RFID-000236,+201295133532,UNI-2025-0236,3,5,1,ACTIVE,,REJECTED,+201168718382,,,False,,Incomplete documents,2025-09-24T00:00:00,1.0,,
237,Ali Khalil,std.ali237@student.edu.eg,RFID-000237,+201291716102,UNI-2020-0237,2,4,2,ACTIVE,,PENDING,+201298322292,,,False,,,,,,
238,Tarek Ali,std.tarek238@student.edu.eg,RFID-000238,+201076627415,UNI-2022-0238,1,2,2,ACTIVE,,REJECTED,+201059911470,,,False,,Incomplete documents,2025-09-05T00:00:00,1.0,,
239,Ayman Ali,std.ayman239@student.edu.eg,RFID-000239,+201180310522,UNI-2020-0239,1,3,2,ACTIVE,,APPROVED,+201287396877,,,False,,,,,2025-09-21T00:00:00,1.0
240,Mariam Tawfik,std.mariam240@student.edu.eg,RFID-000240,+201232398441,UNI-2022-0240,6,1,1,GRADUATED,,APPROVED,+201123811663,,,False,,,,,2025-09-29T00:00:00,1.0
241,Noura El-Sayed,std.noura241@student.edu.eg,RFID-000241,+201158852098,UNI-2023-0241,1,1,1,ACTIVE,,APPROVED,+201014746418,,,False,,,,,2025-09-18T00:00:00,2.0
242,Sherif Khalil,std.sherif242@student.edu.eg,RFID-000242,+201086710258,UNI-2022-0242,7,3,1,ACTIVE,,APPROVED,+201217069536,,,False,,,,,2025-09-06T00:00:00,1.0
243,Layla Ibrahim,std.layla243@student.edu.eg,RFID-000243,+201151701149,UNI-2022-0243,7,1,1,ACTIVE,,PENDING,+201271303434,,,False,,,,,,
244,Sara Mohamed,std.sara244@student.edu.eg,RFID-000244,+201293579731,UNI-2021-0244,5,5,2,ACTIVE,,APPROVED,+201189415412,,,False,,,,,2025-09-16T00:00:00,1.0
245,Amira Khalil,std.amira245@student.edu.eg,RFID-000245,+201041272427,UNI-2024-0245,3,1,2,GRADUATED,,PENDING,+201211287794,,,False,,,,,,
246,Ahmed Osman,std.ahmed246@student.edu.eg,RFID-000246,+201241966313,UNI-2023-0246,12,3,2,ACTIVE,,APPROVED,+201029109045,,,False,,,,,2025-09-23T00:00:00,2.0
247,Omar Khalil,std.omar247@student.edu.eg,RFID-000247,+201171533194,UNI-2025-0247,9,4,1,ACTIVE,,APPROVED,+201222828128,,,False,,,,,2025-09-17T00:00:00,1.0
248,Dina Hassan,std.dina248@student.edu.eg,RFID-000248,+201041778964,UNI-2022-0248,10,1,2,ACTIVE,,APPROVED,+201162741214,,,False,,,,,2025-09-23T00:00:00,2.0
249,Yasmin Mansour,std.yasmin249@student.edu.eg,RFID-000249,+201088478184,UNI-2020-0249,4,1,1,ACTIVE,,APPROVED,+201032062036,,,False,,,,,2025-09-15T00:00:00,2.0
250,Hana Ali,std.hana250@student.edu.eg,RFID-000250,+201070655283,UNI-2022-0250,9,3,2,GRADUATED,,REJECTED,+201126094525,,,False,,Incomplete documents,2025-09-03T00:00:00,1.0,,
251,Nour Ismail,std.nour251@student.edu.eg,RFID-000251,+201129907683,UNI-2020-0251,1,2,1,ACTIVE,,APPROVED,+201163183031,,,False,,,,,2025-09-17T00:00:00,1.0
252,Nour Mansour,std.nour252@student.edu.eg,RFID-000252,+201184618850,UNI-2025-0252,3,1,1,ACTIVE,,APPROVED,+201072014395,,,False,,,,,2025-09-04T00:00:00,1.0
253,Ahmed Ibrahim,std.ahmed253@student.edu.eg,RFID-000253,+201159961172,UNI-2025-0253,4,2,1,ACTIVE,,APPROVED,+201288667527,,,False,,,,,2025-09-09T00:00:00,1.0
254,Hassan Mohamed,std.hassan254@student.edu.eg,RFID-000254,+201054499873,UNI-2020-0254,11,4,1,DISMISSED,,APPROVED,+201116796477,,,False,,,,,2025-09-06T00:00:00,2.0
255,Dina Hamdy,std.dina255@student.edu.eg,RFID-000255,+201057505459,UNI-2021-0255,1,4,1,GRADUATED,,APPROVED,+201147561442,,,False,,,,,2025-09-15T00:00:00,1.0
256,Nahla Ismail,std.nahla256@student.edu.eg,RFID-000256,+201165296657,UNI-2024-0256,10,2,2,ACTIVE,,APPROVED,+201021773787,,,False,,,,,2025-09-09T00:00:00,2.0
257,Hana Mohamed,std.hana257@student.edu.eg,RFID-000257,+201212621269,UNI-2023-0257,11,2,2,GRADUATED,,APPROVED,+201183083942,,,False,,,,,2025-09-26T00:00:00,2.0
258,Sahar Tawfik,std.sahar258@student.edu.eg,RFID-000258,+201052799022,UNI-2024-0258,6,4,1,ACTIVE,,APPROVED,+201047706144,,,False,,,,,2025-09-02T00:00:00,2.0
259,Fatma Morsi,std.fatma259@student.edu.eg,RFID-000259,+201242366980,UNI-2022-0259,4,2,1,ACTIVE,,APPROVED,+201087268086,,,False,,,,,2025-09-28T00:00:00,2.0
260,Tarek Abdel-Rahman,std.tarek260@student.edu.eg,RFID-000260,+201258155056,UNI-2024-0260,4,5,1,GRADUATED,,APPROVED,+201257201978,,,False,,,,,2025-10-01T00:00:00,1.0
261,Hossam Hamdy,std.hossam261@student.edu.eg,RFID-000261,+201022114140,UNI-2020-0261,9,3,1,ACTIVE,,APPROVED,+201239368039,,,False,,,,,2025-09-01T00:00:00,2.0
262,Wael Ismail,std.wael262@student.edu.eg,RFID-000262,+201053431355,UNI-2020-0262,4,2,1,GRADUATED,,APPROVED,+201088733350,,,False,,,,,2025-09-23T00:00:00,1.0
263,Khaled Tawfik,std.khaled263@student.edu.eg,RFID-000263,+201263095937,UNI-2024-0263,6,1,1,REPEATER,,APPROVED,+201150502233,,,False,,,,,2025-09-11T00:00:00,1.0
264,Rania Hamdy,std.rania264@student.edu.eg,RFID-000264,+201292370625,UNI-2022-0264,11,3,1,ACTIVE,,APPROVED,+201289047551,,,False,,,,,2025-09-27T00:00:00,1.0
265,Nour Saleh,std.nour265@student.edu.eg,RFID-000265,+201286884584,UNI-2023-0265,3,2,1,ACTIVE,,APPROVED,+201090851238,,,False,,,,,2025-09-11T00:00:00,1.0
266,Sahar Ali,std.sahar266@student.edu.eg,RFID-000266,+201041943272,UNI-2022-0266,8,2,2,PROBATION,,REJECTED,+201095387542,,,False,,Incomplete documents,2025-09-29T00:00:00,1.0,,
267,Ghada Farouk,std.ghada267@student.edu.eg,RFID-000267,+201019099261,UNI-2022-0267,8,1,2,GRADUATED,,APPROVED,+201010171954,,,False,,,,,2025-09-02T00:00:00,2.0
268,Hana Abdel-Rahman,std.hana268@student.edu.eg,RFID-000268,+201183286096,UNI-2023-0268,7,4,1,PROBATION,,PENDING,+201187585294,,,False,,,,,,
269,Eslam Abdel-Rahman,std.eslam269@student.edu.eg,RFID-000269,+201049581964,UNI-2020-0269,8,1,2,REPEATER,,APPROVED,+201124055958,,,False,,,,,2025-09-03T00:00:00,2.0
270,Mona Abdel-Rahman,std.mona270@student.edu.eg,RFID-000270,+201055358959,UNI-2024-0270,12,1,2,ACTIVE,,APPROVED,+201214159837,,,False,,,,,2025-09-14T00:00:00,1.0
271,Rania Abdel-Rahman,std.rania271@student.edu.eg,RFID-000271,+201064932613,UNI-2025-0271,1,1,2,GRADUATED,,APPROVED,+201247785387,,,False,,,,,2025-09-10T00:00:00,1.0
272,Ali Osman,std.ali272@student.edu.eg,RFID-000272,+201110512117,UNI-2023-0272,10,4,1,ACTIVE,,APPROVED,+201198854850,,,False,,,,,2025-09-21T00:00:00,2.0
273,Ibrahim El-Sayed,std.ibrahim273@student.edu.eg,RFID-000273,+201073561576,UNI-2020-0273,4,2,2,ACTIVE,,APPROVED,+201173209094,,,False,,,,,2025-09-16T00:00:00,2.0
274,Nourhan Gamal,std.nourhan274@student.edu.eg,RFID-000274,+201159580252,UNI-2021-0274,7,2,2,ACTIVE,,APPROVED,+201045338986,,,False,,,,,2025-09-15T00:00:00,2.0
275,Eslam Mansour,std.eslam275@student.edu.eg,RFID-000275,+201299586100,UNI-2020-0275,10,1,1,ACTIVE,,APPROVED,+201256142898,,,False,,,,,2025-09-26T00:00:00,2.0
276,Nesma Khalil,std.nesma276@student.edu.eg,RFID-000276,+201266187845,UNI-2024-0276,9,1,2,ACTIVE,,APPROVED,+201241627336,,,False,,,,,2025-09-16T00:00:00,2.0
277,Dina Ibrahim,std.dina277@student.edu.eg,RFID-000277,+201133203422,UNI-2021-0277,9,2,1,ACTIVE,,APPROVED,+201026936398,,,False,,,,,2025-09-02T00:00:00,2.0
278,Rania Mohamed,std.rania278@student.edu.eg,RFID-000278,+201152916049,UNI-2025-0278,11,2,1,REPEATER,,APPROVED,+201062089786,,,False,,,,,2025-09-18T00:00:00,2.0
279,Sherif Mansour,std.sherif279@student.edu.eg,RFID-000279,+201093625419,UNI-2024-0279,9,4,2,ACTIVE,,APPROVED,+201065625517,,,False,,,,,2025-09-05T00:00:00,1.0
280,Nesma Morsi,std.nesma280@student.edu.eg,RFID-000280,+201048398732,UNI-2024-0280,2,1,2,PROBATION,,APPROVED,+201145451818,,,False,,,,,2025-09-13T00:00:00,2.0
281,Eman Hamdy,std.eman281@student.edu.eg,RFID-000281,+201092979370,UNI-2024-0281,1,2,2,ACTIVE,,APPROVED,+201063122402,,,False,,,,,2025-09-29T00:00:00,2.0
282,Seif Ibrahim,std.seif282@student.edu.eg,RFID-000282,+201112715612,UNI-2022-0282,12,4,2,ACTIVE,,APPROVED,+201147627490,,,False,,,,,2025-09-27T00:00:00,2.0
283,Ibrahim Khalil,std.ibrahim283@student.edu.eg,RFID-000283,+201153066216,UNI-2022-0283,3,3,2,ACTIVE,,APPROVED,+201296644900,,,False,,,,,2025-09-03T00:00:00,1.0
284,Karim Abdallah,std.karim284@student.edu.eg,RFID-000284,+201117543817,UNI-2024-0284,12,4,1,ACTIVE,,APPROVED,+201051758234,,,False,,,,,2025-09-23T00:00:00,2.0
285,Layla Morsi,std.layla285@student.edu.eg,RFID-000285,+201017734634,UNI-2021-0285,1,2,1,DISMISSED,,APPROVED,+201116785951,,,False,,,,,2025-09-30T00:00:00,2.0
286,Hossam Mansour,std.hossam286@student.edu.eg,RFID-000286,+201226625933,UNI-2025-0286,6,4,1,ACTIVE,,APPROVED,+201059991642,,,False,,,,,2025-09-16T00:00:00,2.0
287,Aya Morsi,std.aya287@student.edu.eg,RFID-000287,+201122132198,UNI-2022-0287,9,3,1,ACTIVE,,APPROVED,+201116664050,,,False,,,,,2025-09-06T00:00:00,1.0
288,Nourhan Khalil,std.nourhan288@student.edu.eg,RFID-000288,+201178891441,UNI-2020-0288,11,2,1,REPEATER,,PENDING,+201127758896,,,False,,,,,,
289,Tarek Ismail,std.tarek289@student.edu.eg,RFID-000289,+201196267144,UNI-2022-0289,1,2,2,ACTIVE,,PENDING,+201156802956,,,False,,,,,,
290,Ziad Mohamed,std.ziad290@student.edu.eg,RFID-000290,+201263304911,UNI-2024-0290,8,3,1,ACTIVE,,APPROVED,+201078654208,,,False,,,,,2025-09-22T00:00:00,2.0
291,Nourhan Ismail,std.nourhan291@student.edu.eg,RFID-000291,+201074657836,UNI-2020-0291,10,3,2,ACTIVE,,REJECTED,+201195979171,,,False,,Incomplete documents,2025-09-11T00:00:00,1.0,,
292,Ziad Saleh,std.ziad292@student.edu.eg,RFID-000292,+201017620167,UNI-2024-0292,4,2,2,ACTIVE,,APPROVED,+201252894071,,,False,,,,,2025-09-22T00:00:00,1.0
293,Mohamed Hamdy,std.mohamed293@student.edu.eg,RFID-000293,+201162113377,UNI-2025-0293,5,3,1,ACTIVE,,APPROVED,+201286778235,,,False,,,,,2025-09-27T00:00:00,1.0
294,Eslam Gamal,std.eslam294@student.edu.eg,RFID-000294,+201258116670,UNI-2024-0294,11,4,2,ACTIVE,,APPROVED,+201098263548,,,False,,,,,2025-09-29T00:00:00,1.0
295,Ibrahim Hamdy,std.ibrahim295@student.edu.eg,RFID-000295,+201234571018,UNI-2025-0295,3,3,2,ACTIVE,,APPROVED,+201221985619,,,False,,,,,2025-09-08T00:00:00,2.0
296,Nour Abdallah,std.nour296@student.edu.eg,RFID-000296,+201172244897,UNI-2020-0296,6,3,2,ACTIVE,,APPROVED,+201095147289,,,False,,,,,2025-09-19T00:00:00,1.0
297,Hossam Tawfik,std.hossam297@student.edu.eg,RFID-000297,+201117256074,UNI-2021-0297,2,4,1,ACTIVE,,APPROVED,+201055992373,,,False,,,,,2025-09-14T00:00:00,2.0
298,Sherif Abdel-Rahman,std.sherif298@student.edu.eg,RFID-000298,+201052065724,UNI-2025-0298,2,4,1,REPEATER,,APPROVED,+201070673557,,,False,,,,,2025-09-09T00:00:00,1.0
299,Amr Morsi,std.amr299@student.edu.eg,RFID-000299,+201027368573,UNI-2024-0299,3,4,2,ACTIVE,,APPROVED,+201267634397,,,False,,,,,2025-09-13T00:00:00,2.0
300,Mona El-Sayed,std.mona300@student.edu.eg,RFID-000300,+201111889398,UNI-2022-0300,1,5,1,ACTIVE,,APPROVED,+201010553491,,,False,,,,,2025-09-21T00:00:00,1.0
301,Fatma Saleh,std.fatma301@student.edu.eg,RFID-000301,+201251086072,UNI-2021-0301,3,1,1,ACTIVE,,APPROVED,+201050024028,,,False,,,,,2025-10-01T00:00:00,2.0
302,Layla Ismail,std.layla302@student.edu.eg,RFID-000302,+201227956913,UNI-2022-0302,9,3,2,ACTIVE,,APPROVED,+201135290114,,,False,,,,,2025-09-06T00:00:00,2.0
303,Eslam Khalil,std.eslam303@student.edu.eg,RFID-000303,+201089147232,UNI-2024-0303,12,2,1,ACTIVE,,APPROVED,+201059203071,,,False,,,,,2025-09-23T00:00:00,1.0
304,Ghada Mansour,std.ghada304@student.edu.eg,RFID-000304,+201098848098,UNI-2020-0304,9,1,1,ACTIVE,,APPROVED,+201025541047,,,False,,,,,2025-09-14T00:00:00,2.0
305,Khaled Gamal,std.khaled305@student.edu.eg,RFID-000305,+201094598956,UNI-2020-0305,5,4,2,ACTIVE,,APPROVED,+201198807116,,,False,,,,,2025-09-04T00:00:00,2.0
306,Eman Mahmoud,std.eman306@student.edu.eg,RFID-000306,+201225802066,UNI-2022-0306,7,1,1,ACTIVE,,APPROVED,+201076805406,,,False,,,,,2025-09-07T00:00:00,1.0
307,Ziad Tawfik,std.ziad307@student.edu.eg,RFID-000307,+201131524980,UNI-2020-0307,4,3,2,ACTIVE,,APPROVED,+201074513622,,,False,,,,,2025-09-11T00:00:00,1.0
308,Ahmed Hassan,std.ahmed308@student.edu.eg,RFID-000308,+201022090691,UNI-2024-0308,2,5,1,REPEATER,,PENDING,+201223594977,,,False,,,,,,
309,Nourhan Khalil,std.nourhan309@student.edu.eg,RFID-000309,+201023396125,UNI-2021-0309,8,3,1,ACTIVE,,APPROVED,+201158347193,,,False,,,,,2025-09-26T00:00:00,2.0
310,Khaled Ali,std.khaled310@student.edu.eg,RFID-000310,+201296865529,UNI-2021-0310,1,1,2,PROBATION,,APPROVED,+201168749047,,,False,,,,,2025-10-01T00:00:00,2.0
311,Youssef Nasser,std.youssef311@student.edu.eg,RFID-000311,+201171275585,UNI-2022-0311,6,2,2,ACTIVE,,APPROVED,+201274188958,,,False,,,,,2025-09-26T00:00:00,2.0
312,Amr Ali,std.amr312@student.edu.eg,RFID-000312,+201023920137,UNI-2023-0312,3,1,2,ACTIVE,,APPROVED,+201268809216,,,False,,,,,2025-09-06T00:00:00,2.0
313,Fatma Ismail,std.fatma313@student.edu.eg,RFID-000313,+201125158211,UNI-2023-0313,1,2,2,ACTIVE,,APPROVED,+201018500820,,,False,,,,,2025-09-09T00:00:00,2.0
314,Layla Morsi,std.layla314@student.edu.eg,RFID-000314,+201255405943,UNI-2024-0314,12,2,1,ACTIVE,,APPROVED,+201198813650,,,False,,,,,2025-09-24T00:00:00,1.0
315,Fatma Osman,std.fatma315@student.edu.eg,RFID-000315,+201217323740,UNI-2020-0315,3,5,1,ACTIVE,,APPROVED,+201272986894,,,False,,,,,2025-09-28T00:00:00,2.0
316,Hassan Hamdy,std.hassan316@student.edu.eg,RFID-000316,+201116757958,UNI-2024-0316,6,2,1,ACTIVE,,PENDING,+201296344588,,,False,,,,,,
317,Dina Khalil,std.dina317@student.edu.eg,RFID-000317,+201270142774,UNI-2020-0317,2,4,2,ACTIVE,,APPROVED,+201152421060,,,False,,,,,2025-09-04T00:00:00,2.0
318,Nourhan El-Sayed,std.nourhan318@student.edu.eg,RFID-000318,+201283698792,UNI-2020-0318,2,4,1,ACTIVE,,APPROVED,+201293089652,,,False,,,,,2025-09-21T00:00:00,2.0
319,Heba Mohamed,std.heba319@student.edu.eg,RFID-000319,+201117284695,UNI-2021-0319,11,4,2,ACTIVE,,APPROVED,+201185182173,,,False,,,,,2025-09-25T00:00:00,2.0
320,Sara Shaker,std.sara320@student.edu.eg,RFID-000320,+201010294869,UNI-2022-0320,2,1,2,ACTIVE,,APPROVED,+201249189370,,,False,,,,,2025-09-18T00:00:00,2.0
321,Ibrahim Ibrahim,std.ibrahim321@student.edu.eg,RFID-000321,+201264923338,UNI-2020-0321,3,4,2,ACTIVE,,APPROVED,+201236296134,,,False,,,,,2025-09-07T00:00:00,1.0
322,Karim Shaker,std.karim322@student.edu.eg,RFID-000322,+201116241172,UNI-2025-0322,4,6,1,ACTIVE,,APPROVED,+201171389561,,,False,,,,,2025-09-22T00:00:00,1.0
323,Ahmed Tawfik,std.ahmed323@student.edu.eg,RFID-000323,+201188533572,UNI-2023-0323,12,1,1,ACTIVE,,PENDING,+201287652255,,,False,,,,,,
324,Mahmoud Ali,std.mahmoud324@student.edu.eg,RFID-000324,+201166192230,UNI-2024-0324,7,3,1,ACTIVE,,APPROVED,+201163401206,,,False,,,,,2025-10-01T00:00:00,2.0
325,Yasmin Mahmoud,std.yasmin325@student.edu.eg,RFID-000325,+201278759020,UNI-2022-0325,3,4,2,PROBATION,,APPROVED,+201284300459,,,False,,,,,2025-09-21T00:00:00,1.0
326,Karim Ismail,std.karim326@student.edu.eg,RFID-000326,+201227806897,UNI-2025-0326,12,3,1,ACTIVE,,APPROVED,+201282811973,,,False,,,,,2025-09-23T00:00:00,2.0
327,Khaled Nasser,std.khaled327@student.edu.eg,RFID-000327,+201266032939,UNI-2025-0327,9,4,2,ACTIVE,,APPROVED,+201111714029,,,False,,,,,2025-09-17T00:00:00,1.0
328,Mona Mahmoud,std.mona328@student.edu.eg,RFID-000328,+201048468887,UNI-2025-0328,1,1,2,ACTIVE,,APPROVED,+201018325904,,,False,,,,,2025-09-23T00:00:00,2.0
329,Amira Ibrahim,std.amira329@student.edu.eg,RFID-000329,+201285414925,UNI-2021-0329,6,4,2,ACTIVE,,APPROVED,+201078574830,,,False,,,,,2025-09-26T00:00:00,2.0
330,Ali Osman,std.ali330@student.edu.eg,RFID-000330,+201251963706,UNI-2024-0330,7,4,1,ACTIVE,,APPROVED,+201043734435,,,False,,,,,2025-09-07T00:00:00,2.0
331,Eslam Nasser,std.eslam331@student.edu.eg,RFID-000331,+201049483865,UNI-2023-0331,10,2,1,ACTIVE,,REJECTED,+201219995059,,,False,,Incomplete documents,2025-09-06T00:00:00,1.0,,
332,Noura Ali,std.noura332@student.edu.eg,RFID-000332,+201245465638,UNI-2021-0332,7,1,1,ACTIVE,,APPROVED,+201244227688,,,False,,,,,2025-09-01T00:00:00,2.0
333,Mostafa Ibrahim,std.mostafa333@student.edu.eg,RFID-000333,+201292625597,UNI-2025-0333,3,3,2,ACTIVE,,APPROVED,+201186863404,,,False,,,,,2025-09-18T00:00:00,2.0
334,Sherif Tawfik,std.sherif334@student.edu.eg,RFID-000334,+201231390345,UNI-2023-0334,4,2,2,ACTIVE,,APPROVED,+201056896070,,,False,,,,,2025-09-08T00:00:00,1.0
335,Wael Farouk,std.wael335@student.edu.eg,RFID-000335,+201281202356,UNI-2023-0335,6,3,1,ACTIVE,,APPROVED,+201099783401,,,False,,,,,2025-09-12T00:00:00,2.0
336,Nourhan Ismail,std.nourhan336@student.edu.eg,RFID-000336,+201253075436,UNI-2023-0336,10,2,1,ACTIVE,,PENDING,+201144439001,,,False,,,,,,
337,Bassem El-Sayed,std.bassem337@student.edu.eg,RFID-000337,+201269801634,UNI-2023-0337,9,3,1,ACTIVE,,APPROVED,+201197446634,,,False,,,,,2025-09-07T00:00:00,2.0
338,Youssef Ali,std.youssef338@student.edu.eg,RFID-000338,+201218787479,UNI-2021-0338,3,5,1,ACTIVE,,REJECTED,+201266936428,,,False,,Incomplete documents,2025-09-27T00:00:00,1.0,,
339,Karim Gamal,std.karim339@student.edu.eg,RFID-000339,+201030636590,UNI-2020-0339,12,4,2,ACTIVE,,APPROVED,+201254522084,,,False,,,,,2025-09-02T00:00:00,1.0
340,Ali Abdel-Rahman,std.ali340@student.edu.eg,RFID-000340,+201044715141,UNI-2023-0340,5,5,2,GRADUATED,,APPROVED,+201194586329,,,False,,,,,2025-09-13T00:00:00,2.0
341,Mohamed Osman,std.mohamed341@student.edu.eg,RFID-000341,+201292993446,UNI-2020-0341,11,1,1,PROBATION,,APPROVED,+201219742790,,,False,,,,,2025-09-12T00:00:00,1.0
342,Nour Ismail,std.nour342@student.edu.eg,RFID-000342,+201161192463,UNI-2023-0342,2,3,1,ACTIVE,,APPROVED,+201130981381,,,False,,,,,2025-09-18T00:00:00,1.0
343,Dina Gamal,std.dina343@student.edu.eg,RFID-000343,+201296965116,UNI-2022-0343,5,6,1,DISMISSED,,APPROVED,+201284500200,,,False,,,,,2025-09-05T00:00:00,1.0
344,Ahmed Morsi,std.ahmed344@student.edu.eg,RFID-000344,+201050894954,UNI-2021-0344,10,4,2,ACTIVE,,APPROVED,+201065385548,,,False,,,,,2025-09-29T00:00:00,1.0
345,Tarek Khalil,std.tarek345@student.edu.eg,RFID-000345,+201086140729,UNI-2020-0345,10,3,2,PROBATION,,APPROVED,+201283774735,,,False,,,,,2025-09-03T00:00:00,2.0
346,Hassan Mansour,std.hassan346@student.edu.eg,RFID-000346,+201154406060,UNI-2022-0346,2,2,1,ACTIVE,,APPROVED,+201297976094,,,False,,,,,2025-09-08T00:00:00,1.0
347,Nahla Hassan,std.nahla347@student.edu.eg,RFID-000347,+201192724080,UNI-2025-0347,4,3,2,ACTIVE,,APPROVED,+201288405961,,,False,,,,,2025-09-05T00:00:00,2.0
348,Sherif Abdallah,std.sherif348@student.edu.eg,RFID-000348,+201096011893,UNI-2023-0348,3,1,2,ACTIVE,,APPROVED,+201128026223,,,False,,,,,2025-09-22T00:00:00,2.0
349,Mariam Shaker,std.mariam349@student.edu.eg,RFID-000349,+201033591471,UNI-2025-0349,6,3,1,ACTIVE,,APPROVED,+201128790705,,,False,,,,,2025-09-29T00:00:00,1.0
350,Ghada Hassan,std.ghada350@student.edu.eg,RFID-000350,+201294775473,UNI-2020-0350,12,1,2,ACTIVE,,APPROVED,+201238556255,,,False,,,,,2025-09-30T00:00:00,1.0
351,Ziad Gamal,std.ziad351@student.edu.eg,RFID-000351,+201059099345,UNI-2023-0351,9,4,1,ACTIVE,,APPROVED,+201249057246,,,False,,,,,2025-09-05T00:00:00,2.0
352,Noura Hassan,std.noura352@student.edu.eg,RFID-000352,+201242062038,UNI-2024-0352,7,3,1,ACTIVE,,APPROVED,+201228840235,,,False,,,,,2025-09-15T00:00:00,1.0
353,Sahar Morsi,std.sahar353@student.edu.eg,RFID-000353,+201158156722,UNI-2020-0353,11,2,1,ACTIVE,,REJECTED,+201141104946,,,False,,Incomplete documents,2025-09-03T00:00:00,1.0,,
354,Sara Khalil,std.sara354@student.edu.eg,RFID-000354,+201162088975,UNI-2023-0354,1,2,2,ACTIVE,,APPROVED,+201015355917,,,False,,,,,2025-09-21T00:00:00,2.0
355,Layla Mansour,std.layla355@student.edu.eg,RFID-000355,+201233333727,UNI-2023-0355,12,3,2,ACTIVE,,APPROVED,+201188876916,,,False,,,,,2025-09-21T00:00:00,1.0
356,Ziad Osman,std.ziad356@student.edu.eg,RFID-000356,+201175345452,UNI-2023-0356,4,5,1,PROBATION,,APPROVED,+201228652010,,,False,,,,,2025-09-15T00:00:00,1.0
357,Hassan Tawfik,std.hassan357@student.edu.eg,RFID-000357,+201031120146,UNI-2022-0357,11,3,1,ACTIVE,,APPROVED,+201240916561,,,False,,,,,2025-09-14T00:00:00,2.0
358,Khaled Hamdy,std.khaled358@student.edu.eg,RFID-000358,+201231642106,UNI-2025-0358,11,4,2,ACTIVE,,PENDING,+201042704875,,,False,,,,,,
359,Mahmoud Morsi,std.mahmoud359@student.edu.eg,RFID-000359,+201215260108,UNI-2024-0359,10,2,1,REPEATER,,REJECTED,+201032325960,,,False,,Incomplete documents,2025-09-09T00:00:00,1.0,,
360,Layla Osman,std.layla360@student.edu.eg,RFID-000360,+201298817918,UNI-2022-0360,10,1,1,ACTIVE,,APPROVED,+201070291054,,,False,,,,,2025-09-20T00:00:00,2.0
361,Amr Khalil,std.amr361@student.edu.eg,RFID-000361,+201093646063,UNI-2025-0361,7,2,2,GRADUATED,,APPROVED,+201055992559,,,False,,,,,2025-09-30T00:00:00,2.0
362,Nesma Hassan,std.nesma362@student.edu.eg,RFID-000362,+201012222998,UNI-2021-0362,4,4,2,ACTIVE,,APPROVED,+201091270313,,,False,,,,,2025-09-04T00:00:00,1.0
363,Nahla Ismail,std.nahla363@student.edu.eg,RFID-000363,+201022507745,UNI-2023-0363,1,5,1,ACTIVE,,APPROVED,+201282381739,,,False,,,,,2025-09-27T00:00:00,1.0
364,Nourhan Abdallah,std.nourhan364@student.edu.eg,RFID-000364,+201081110769,UNI-2023-0364,9,4,1,ACTIVE,,APPROVED,+201161168696,,,False,,,,,2025-09-12T00:00:00,1.0
365,Mahmoud Mansour,std.mahmoud365@student.edu.eg,RFID-000365,+201048019408,UNI-2024-0365,8,2,2,ACTIVE,,APPROVED,+201135369971,,,False,,,,,2025-09-01T00:00:00,1.0
366,Layla Ali,std.layla366@student.edu.eg,RFID-000366,+201052399610,UNI-2023-0366,9,1,2,ACTIVE,,APPROVED,+201030774029,,,False,,,,,2025-09-14T00:00:00,2.0
367,Amira Abdallah,std.amira367@student.edu.eg,RFID-000367,+201263345392,UNI-2021-0367,10,3,2,ACTIVE,,APPROVED,+201284834795,,,False,,,,,2025-09-16T00:00:00,1.0
368,Heba Gamal,std.heba368@student.edu.eg,RFID-000368,+201256218720,UNI-2025-0368,8,3,2,ACTIVE,,APPROVED,+201228531242,,,False,,,,,2025-09-28T00:00:00,1.0
369,Eslam Shaker,std.eslam369@student.edu.eg,RFID-000369,+201263762374,UNI-2022-0369,12,2,1,ACTIVE,,APPROVED,+201062224611,,,False,,,,,2025-10-01T00:00:00,1.0
370,Youssef Mahmoud,std.youssef370@student.edu.eg,RFID-000370,+201139765498,UNI-2022-0370,8,4,1,ACTIVE,,APPROVED,+201215067435,,,False,,,,,2025-09-24T00:00:00,2.0
371,Nahla Tawfik,std.nahla371@student.edu.eg,RFID-000371,+201033524492,UNI-2025-0371,5,6,2,ACTIVE,,APPROVED,+201111437525,,,False,,,,,2025-09-07T00:00:00,2.0
372,Omar Ismail,std.omar372@student.edu.eg,RFID-000372,+201214840043,UNI-2022-0372,9,2,1,ACTIVE,,APPROVED,+201210038556,,,False,,,,,2025-09-06T00:00:00,1.0
373,Dina Nasser,std.dina373@student.edu.eg,RFID-000373,+201079490249,UNI-2020-0373,11,4,1,ACTIVE,,PENDING,+201083765077,,,False,,,,,,
374,Heba Morsi,std.heba374@student.edu.eg,RFID-000374,+201140372869,UNI-2024-0374,6,3,1,ACTIVE,,APPROVED,+201164218119,,,False,,,,,2025-09-19T00:00:00,1.0
375,Tarek Abdallah,std.tarek375@student.edu.eg,RFID-000375,+201249493811,UNI-2022-0375,9,1,1,DISMISSED,,APPROVED,+201244587020,,,False,,,,,2025-09-29T00:00:00,2.0
376,Yasmin Osman,std.yasmin376@student.edu.eg,RFID-000376,+201171585593,UNI-2025-0376,10,4,2,ACTIVE,,PENDING,+201213670948,,,False,,,,,,
377,Khaled Mansour,std.khaled377@student.edu.eg,RFID-000377,+201040860700,UNI-2022-0377,2,4,2,ACTIVE,,APPROVED,+201179324022,,,False,,,,,2025-09-18T00:00:00,1.0
378,Ziad Khalil,std.ziad378@student.edu.eg,RFID-000378,+201255901507,UNI-2020-0378,5,1,1,ACTIVE,,APPROVED,+201152127291,,,False,,,,,2025-09-12T00:00:00,1.0
379,Ayman Abdel-Rahman,std.ayman379@student.edu.eg,RFID-000379,+201041522559,UNI-2025-0379,12,2,1,ACTIVE,,APPROVED,+201137753358,,,False,,,,,2025-09-08T00:00:00,1.0
380,Nahla Nasser,std.nahla380@student.edu.eg,RFID-000380,+201099043272,UNI-2023-0380,3,1,1,REPEATER,,APPROVED,+201215672460,,,False,,,,,2025-09-28T00:00:00,2.0
381,Nahla Farouk,std.nahla381@student.edu.eg,RFID-000381,+201247616749,UNI-2023-0381,8,3,1,ACTIVE,,APPROVED,+201227212880,,,False,,,,,2025-09-02T00:00:00,2.0
382,Amira Ibrahim,std.amira382@student.edu.eg,RFID-000382,+201233461307,UNI-2023-0382,9,3,1,ACTIVE,,APPROVED,+201279552316,,,False,,,,,2025-09-15T00:00:00,2.0
383,Ahmed El-Sayed,std.ahmed383@student.edu.eg,RFID-000383,+201053679307,UNI-2022-0383,11,2,2,ACTIVE,,APPROVED,+201083626933,,,False,,,,,2025-09-09T00:00:00,1.0
384,Aya Ismail,std.aya384@student.edu.eg,RFID-000384,+201138257191,UNI-2023-0384,6,3,2,PROBATION,,APPROVED,+201163766628,,,False,,,,,2025-09-09T00:00:00,2.0
385,Sahar Mahmoud,std.sahar385@student.edu.eg,RFID-000385,+201246231955,UNI-2021-0385,10,2,2,ACTIVE,,APPROVED,+201136315159,,,False,,,,,2025-09-05T00:00:00,1.0
386,Ahmed Abdel-Rahman,std.ahmed386@student.edu.eg,RFID-000386,+201279391501,UNI-2024-0386,7,4,2,ACTIVE,,APPROVED,+201150269906,,,False,,,,,2025-09-09T00:00:00,1.0
387,Ibrahim Abdel-Rahman,std.ibrahim387@student.edu.eg,RFID-000387,+201194538675,UNI-2020-0387,1,2,2,ACTIVE,,APPROVED,+201254916840,,,False,,,,,2025-09-09T00:00:00,2.0
388,Heba Gamal,std.heba388@student.edu.eg,RFID-000388,+201057122567,UNI-2025-0388,5,3,1,PROBATION,,APPROVED,+201287295245,,,True,Academic misconduct,,,,2025-09-21T00:00:00,1.0
389,Bassem Nasser,std.bassem389@student.edu.eg,RFID-000389,+201269985944,UNI-2020-0389,6,6,2,ACTIVE,,APPROVED,+201248456543,,,False,,,,,2025-09-15T00:00:00,1.0
390,Ghada Farouk,std.ghada390@student.edu.eg,RFID-000390,+201020618223,UNI-2021-0390,7,4,2,ACTIVE,,APPROVED,+201052074850,,,False,,,,,2025-09-11T00:00:00,2.0
391,Ayman Ismail,std.ayman391@student.edu.eg,RFID-000391,+201158743159,UNI-2025-0391,11,4,2,ACTIVE,,APPROVED,+201132457056,,,False,,,,,2025-09-06T00:00:00,1.0
392,Seif Mansour,std.seif392@student.edu.eg,RFID-000392,+201123825676,UNI-2020-0392,12,1,1,ACTIVE,,APPROVED,+201183609531,,,False,,,,,2025-09-02T00:00:00,1.0
393,Dina Tawfik,std.dina393@student.edu.eg,RFID-000393,+201021316066,UNI-2025-0393,2,1,2,ACTIVE,,PENDING,+201140783635,,,False,,,,,,
394,Bassem Shaker,std.bassem394@student.edu.eg,RFID-000394,+201013834774,UNI-2020-0394,11,2,2,ACTIVE,,APPROVED,+201173908407,,,False,,,,,2025-09-15T00:00:00,2.0
395,Yasmin Mahmoud,std.yasmin395@student.edu.eg,RFID-000395,+201194697764,UNI-2025-0395,12,2,2,ACTIVE,,PENDING,+201295870691,,,False,,,,,,
396,Amira Saleh,std.amira396@student.edu.eg,RFID-000396,+201069305486,UNI-2022-0396,6,4,2,ACTIVE,,APPROVED,+201144870711,,,False,,,,,2025-09-05T00:00:00,2.0
397,Ahmed Tawfik,std.ahmed397@student.edu.eg,RFID-000397,+201211116303,UNI-2025-0397,3,3,2,ACTIVE,,APPROVED,+201150213043,,,False,,,,,2025-09-01T00:00:00,2.0
398,Bassem Ismail,std.bassem398@student.edu.eg,RFID-000398,+201065262252,UNI-2024-0398,4,1,2,ACTIVE,,APPROVED,+201143540489,,,False,,,,,2025-09-06T00:00:00,2.0
399,Mona Khalil,std.mona399@student.edu.eg,RFID-000399,+201079338228,UNI-2024-0399,5,1,2,GRADUATED,,APPROVED,+201197034430,,,False,,,,,2025-09-24T00:00:00,2.0
400,Hossam Hassan,std.hossam400@student.edu.eg,RFID-000400,+201271115104,UNI-2024-0400,3,2,2,ACTIVE,,PENDING,+201193584597,,,False,,,,,,
