id,email,name,password_hash,academic_password_hash,role,phone_number,last_login,profile_image_url
1,superadmin@system.edu.eg,System Super Admin,$2b$12$fakehash,,super_admin,+201119510312,2025-12-01T00:00:00,
2,admin@system.edu.eg,System Admin,$2b$12$fakehash,,admin,+201241944441,2025-12-01T00:00:00,
3,dr.khaled1@university.edu.eg,Khaled El-Sayed,$2b$12$fakehash,,doctor,+201246913810,2025-11-11T00:00:00,
4,dr.mahmoud2@university.edu.eg,Mahmoud Ali,$2b$12$fakehash,,doctor,+201283197857,2026-02-19T00:00:00,
5,dr.rania3@university.edu.eg,Rania Ibrahim,$2b$12$fakehash,,doctor,+201022575562,2026-01-03T00:00:00,
6,dr.noura4@university.edu.eg,Noura Ismail,$2b$12$fakehash,,doctor,+201085329037,2025-10-25T00:00:00,
7,dr.nourhan5@university.edu.eg,Nourhan Gamal,$2b$12$fakehash,,doctor,+201139587039,2026-01-17T00:00:00,
8,dr.ayman6@university.edu.eg,Ayman El-Sayed,$2b$12$fakehash,,doctor,+201066722344,2025-10-04T00:00:00,
9,dr.mostafa7@university.edu.eg,Mostafa Mohamed,$2b$12$fakehash,,doctor,+201123718431,2026-03-05T00:00:00,
10,dr.ibrahim8@university.edu.eg,Ibrahim Nasser,$2b$12$fakehash,,doctor,+201191030736,2026-01-25T00:00:00,
11,dr.mariam9@university.edu.eg,Mariam Gamal,$2b$12$fakehash,,doctor,+201060806024,2026-01-26T00:00:00,
12,dr.bassem10@university.edu.eg,Bassem Ismail,$2b$12$fakehash,,doctor,+201187490893,2025-12-31T00:00:00,
13,dr.hassan11@university.edu.eg,Hassan Ibrahim,$2b$12$fakehash,,doctor,+201240587988,2025-11-02T00:00:00,
14,dr.eslam12@university.edu.eg,Eslam Ali,$2b$12$fakehash,,doctor,+201147308985,2026-03-20T00:00:00,
15,dr.sara13@university.edu.eg,Sara Abdel-Rahman,$2b$12$fakehash,,doctor,+201157683626,2025-12-31T00:00:00,
16,dr.ayman14@university.edu.eg,Ayman Hassan,$2b$12$fakehash,,doctor,+201295225343,2026-03-26T00:00:00,
17,dr.seif15@university.edu.eg,Seif Abdel-Rahman,$2b$12$fakehash,,doctor,+201160929647,2025-12-14T00:00:00,
18,dr.heba16@university.edu.eg,Heba Khalil,$2b$12$fakehash,,doctor,+201253524491,2025-10-19T00:00:00,
19,dr.omar17@university.edu.eg,Omar Farouk,$2b$12$fakehash,,doctor,+201145935572,2025-09-25T00:00:00,
20,dr.sahar18@university.edu.eg,Sahar Farouk,$2b$12$fakehash,,doctor,+201097971488,2025-09-25T00:00:00,
21,dr.nourhan19@university.edu.eg,Nourhan Shaker,$2b$12$fakehash,,doctor,+201045551614,2026-02-16T00:00:00,
22,dr.heba20@university.edu.eg,Heba Gamal,$2b$12$fakehash,,doctor,+201188461803,2025-12-20T00:00:00,
23,eng.dina1@university.edu.eg,Dina Nasser,$2b$12$fakehash,,engineer,+201028566572,2025-11-30T00:00:00,
24,eng.youssef2@university.edu.eg,Youssef Ibrahim,$2b$12$fakehash,,engineer,+201030514014,2025-12-18T00:00:00,
25,eng.rania3@university.edu.eg,Rania Ismail,$2b$12$fakehash,,engineer,+201061642594,2025-12-15T00:00:00,
26,eng.mariam4@university.edu.eg,Mariam Tawfik,$2b$12$fakehash,,engineer,+201184252722,2025-12-29T00:00:00,
27,eng.khaled5@university.edu.eg,Khaled Gamal,$2b$12$fakehash,,engineer,+201196028436,2026-03-06T00:00:00,
28,eng.bassem6@university.edu.eg,Bassem Abdallah,$2b$12$fakehash,,engineer,+201070897765,2025-09-14T00:00:00,
29,eng.ziad7@university.edu.eg,Ziad Tawfik,$2b$12$fakehash,,engineer,+201078139880,2026-02-20T00:00:00,
30,eng.nour8@university.edu.eg,Nour Tawfik,$2b$12$fakehash,,engineer,+201236697396,2026-02-15T00:00:00,
31,eng.amr9@university.edu.eg,Amr Gamal,$2b$12$fakehash,,engineer,+201210076758,2026-02-13T00:00:00,
32,eng.salma10@university.edu.eg,Salma El-Sayed,$2b$12$fakehash,,engineer,+201058718453,2025-09-26T00:00:00,
33,eng.seif11@university.edu.eg,Seif Ibrahim,$2b$12$fakehash,,engineer,+201086149359,2025-09-16T00:00:00,
34,eng.salma12@university.edu.eg,Salma Hassan,$2b$12$fakehash,,engineer,+201226879290,2025-12-13T00:00:00,
35,eng.aya13@university.edu.eg,Aya Gamal,$2b$12$fakehash,,engineer,+201045575298,2026-03-06T00:00:00,
36,eng.rania14@university.edu.eg,Rania Mohamed,$2b$12$fakehash,,engineer,+201236998038,2025-11-26T00:00:00,
37,eng.dina15@university.edu.eg,Dina Nasser,$2b$12$fakehash,,engineer,+201179467853,2026-03-24T00:00:00,
38,eng.seif16@university.edu.eg,Seif Khalil,$2b$12$fakehash,,engineer,+201055377076,2025-09-28T00:00:00,
39,eng.heba17@university.edu.eg,Heba Khalil,$2b$12$fakehash,,engineer,+201239557077,2025-11-03T00:00:00,
40,eng.ghada18@university.edu.eg,Ghada Ibrahim,$2b$12$fakehash,,engineer,+201019046318,2025-10-20T00:00:00,
41,std.hossam1@student.edu.eg,Hossam Gamal,$2b$12$fakehash,,student,+201172092888,2025-09-26T00:00:00,
42,std.ali2@student.edu.eg,Ali Gamal,$2b$12$fakehash,,student,+201032321899,2025-09-16T00:00:00,
43,std.amr3@student.edu.eg,Amr Osman,$2b$12$fakehash,,student,+201148285503,2025-09-15T00:00:00,
44,std.nesma4@student.edu.eg,Nesma Gamal,$2b$12$fakehash,,student,+201273993471,2025-09-18T00:00:00,
45,std.eman5@student.edu.eg,Eman Hassan,$2b$12$fakehash,,student,+201243046464,2025-11-06T00:00:00,
46,std.karim6@student.edu.eg,Karim Farouk,$2b$12$fakehash,,student,+201296637649,2025-12-27T00:00:00,
47,std.nahla7@student.edu.eg,Nahla Morsi,$2b$12$fakehash,,student,+201245594597,2025-10-11T00:00:00,
48,std.yasmin8@student.edu.eg,Yasmin Gamal,$2b$12$fakehash,,student,+201280993218,2025-11-07T00:00:00,
49,std.khaled9@student.edu.eg,Khaled Ali,$2b$12$fakehash,,student,+201238270233,2026-01-08T00:00:00,
50,std.salma10@student.edu.eg,Salma Mansour,$2b$12$fakehash,,student,+201115917225,2026-03-09T00:00:00,
51,std.yasmin11@student.edu.eg,Yasmin Gamal,$2b$12$fakehash,,student,+201020099059,2026-01-28T00:00:00,
52,std.heba12@student.edu.eg,Heba Mahmoud,$2b$12$fakehash,,student,+201115354599,2025-11-30T00:00:00,
53,std.heba13@student.edu.eg,Heba Abdallah,$2b$12$fakehash,,student,+201031810617,2026-03-20T00:00:00,
54,std.hana14@student.edu.eg,Hana Khalil,$2b$12$fakehash,,student,+201061343880,2025-11-29T00:00:00,
55,std.nour15@student.edu.eg,Nour Khalil,$2b$12$fakehash,,student,+201154058573,2026-02-21T00:00:00,
56,std.amira16@student.edu.eg,Amira Farouk,$2b$12$fakehash,,student,+201133966966,2025-11-28T00:00:00,
57,std.sherif17@student.edu.eg,Sherif Abdallah,$2b$12$fakehash,,student,+201235511941,2025-09-01T00:00:00,
58,std.layla18@student.edu.eg,Layla Gamal,$2b$12$fakehash,,student,+201099152472,2026-01-08T00:00:00,
59,std.nour19@student.edu.eg,Nour Abdallah,$2b$12$fakehash,,student,+201227084279,2026-02-05T00:00:00,
60,std.sahar20@student.edu.eg,Sahar Saleh,$2b$12$fakehash,,student,+201067698610,2026-01-09T00:00:00,
61,std.aya21@student.edu.eg,Aya Abdel-Rahman,$2b$12$fakehash,,student,+201294951883,2025-10-28T00:00:00,
62,std.hossam22@student.edu.eg,Hossam Mahmoud,$2b$12$fakehash,,student,+201192043803,2026-01-26T00:00:00,
63,std.hossam23@student.edu.eg,Hossam Osman,$2b$12$fakehash,,student,+201210744212,2025-09-13T00:00:00,
64,std.heba24@student.edu.eg,Heba Khalil,$2b$12$fakehash,,student,+201199600766,2026-04-01T00:00:00,
65,std.heba25@student.edu.eg,Heba Shaker,$2b$12$fakehash,,student,+201095585469,2025-09-20T00:00:00,
66,std.bassem26@student.edu.eg,Bassem Khalil,$2b$12$fakehash,,student,+201220814950,2026-02-28T00:00:00,
67,std.karim27@student.edu.eg,Karim Hassan,$2b$12$fakehash,,student,+201165804273,2026-03-17T00:00:00,
68,std.nesma28@student.edu.eg,Nesma El-Sayed,$2b$12$fakehash,,student,+201150079111,2026-03-24T00:00:00,
69,std.eman29@student.edu.eg,Eman Khalil,$2b$12$fakehash,,student,+201113895645,2025-12-29T00:00:00,
70,std.mahmoud30@student.edu.eg,Mahmoud Ismail,$2b$12$fakehash,,student,+201285751409,2025-12-28T00:00:00,
71,std.tarek31@student.edu.eg,Tarek Ibrahim,$2b$12$fakehash,,student,+201153868501,2025-12-30T00:00:00,
72,std.mohamed32@student.edu.eg,Mohamed Gamal,$2b$12$fakehash,,student,+201097477029,2026-02-07T00:00:00,
73,std.mostafa33@student.edu.eg,Mostafa Khalil,$2b$12$fakehash,,student,+201239254705,2026-03-19T00:00:00,
74,std.amr34@student.edu.eg,Amr Saleh,$2b$12$fakehash,,student,+201187282128,2025-09-27T00:00:00,
75,std.nour35@student.edu.eg,Nour Ismail,$2b$12$fakehash,,student,+201181503856,2025-11-27T00:00:00,
76,std.ahmed36@student.edu.eg,Ahmed Abdallah,$2b$12$fakehash,,student,+201195306788,2026-02-05T00:00:00,
77,std.amira37@student.edu.eg,Amira Hamdy,$2b$12$fakehash,,student,+201246023439,2025-11-02T00:00:00,
78,std.mariam38@student.edu.eg,Mariam Morsi,$2b$12$fakehash,,student,+201153622663,2025-11-27T00:00:00,
79,std.ayman39@student.edu.eg,Ayman Ismail,$2b$12$fakehash,,student,+201235643159,2026-02-24T00:00:00,
80,std.aya40@student.edu.eg,Aya Hamdy,$2b$12$fakehash,,student,+201064277800,2025-12-31T00:00:00,
81,std.heba41@student.edu.eg,Heba Tawfik,$2b$12$fakehash,,student,+201254398056,2025-10-01T00:00:00,
82,std.hossam42@student.edu.eg,Hossam Farouk,$2b$12$fakehash,,student,+201234850391,2025-09-26T00:00:00,
83,std.hossam43@student.edu.eg,Hossam Saleh,$2b$12$fakehash,,student,+201081690398,2026-02-26T00:00:00,
84,std.mahmoud44@student.edu.eg,Mahmoud Hamdy,$2b$12$fakehash,,student,+201174251933,2025-09-30T00:00:00,
85,std.hassan45@student.edu.eg,Hassan Osman,$2b$12$fakehash,,student,+201217195288,2025-10-01T00:00:00,
86,std.heba46@student.edu.eg,Heba Abdallah,$2b$12$fakehash,,student,+201170467027,2026-02-04T00:00:00,
87,std.ibrahim47@student.edu.eg,Ibrahim Mohamed,$2b$12$fakehash,,student,+201031079846,2025-12-14T00:00:00,
88,std.yasmin48@student.edu.eg,Yasmin Ismail,$2b$12$fakehash,,student,+201147945817,2026-03-21T00:00:00,
89,std.ghada49@student.edu.eg,Ghada Morsi,$2b$12$fakehash,,student,+201240173413,2025-10-13T00:00:00,
90,std.nour50@student.edu.eg,Nour Ismail,$2b$12$fakehash,,student,+201150814428,2025-12-22T00:00:00,
91,std.youssef51@student.edu.eg,Youssef Ismail,$2b$12$fakehash,,student,+201243603811,2026-03-15T00:00:00,
92,std.ayman52@student.edu.eg,Ayman Morsi,$2b$12$fakehash,,student,+201269355025,2025-09-24T00:00:00,
93,std.aya53@student.edu.eg,Aya Nasser,$2b$12$fakehash,,student,+201031585546,2026-03-28T00:00:00,
94,std.heba54@student.edu.eg,Heba Ibrahim,$2b$12$fakehash,,student,+201125558733,2025-09-14T00:00:00,
95,std.hossam55@student.edu.eg,Hossam Tawfik,$2b$12$fakehash,,student,+201269329732,2025-12-22T00:00:00,
96,std.salma56@student.edu.eg,Salma Ali,$2b$12$fakehash,,student,+201231257157,2025-09-30T00:00:00,
97,std.mariam57@student.edu.eg,Mariam Ali,$2b$12$fakehash,,student,+201249172995,2025-12-26T00:00:00,
98,std.heba58@student.edu.eg,Heba Mahmoud,$2b$12$fakehash,,student,+201228321839,2026-03-30T00:00:00,
99,std.ahmed59@student.edu.eg,Ahmed Saleh,$2b$12$fakehash,,student,+201298575748,2025-11-25T00:00:00,
100,std.heba60@student.edu.eg,Heba Gamal,$2b$12$fakehash,,student,+201042051937,2026-03-10T00:00:00,
101,std.aya61@student.edu.eg,Aya Osman,$2b$12$fakehash,,student,+201026944487,2025-09-26T00:00:00,
102,std.layla62@student.edu.eg,Layla Shaker,$2b$12$fakehash,,student,+201230718012,2026-02-14T00:00:00,
103,std.youssef63@student.edu.eg,Youssef Farouk,$2b$12$fakehash,,student,+201275491202,2025-10-29T00:00:00,
104,std.youssef64@student.edu.eg,Youssef Abdallah,$2b$12$fakehash,,student,+201250193656,2025-12-05T00:00:00,
105,std.rania65@student.edu.eg,Rania Mahmoud,$2b$12$fakehash,,student,+201234166826,2026-02-06T00:00:00,
106,std.seif66@student.edu.eg,Seif Hamdy,$2b$12$fakehash,,student,+201244088261,2025-11-13T00:00:00,
107,std.amira67@student.edu.eg,Amira Abdel-Rahman,$2b$12$fakehash,,student,+201250151803,2025-10-21T00:00:00,
108,std.mona68@student.edu.eg,Mona Hamdy,$2b$12$fakehash,,student,+201187149951,2025-09-03T00:00:00,
109,std.sahar69@student.edu.eg,Sahar Ibrahim,$2b$12$fakehash,,student,+201140885967,2026-02-21T00:00:00,
110,std.mahmoud70@student.edu.eg,Mahmoud Ali,$2b$12$fakehash,,student,+201114478111,2025-11-15T00:00:00,
111,std.sherif71@student.edu.eg,Sherif Abdallah,$2b$12$fakehash,,student,+201259104566,2026-03-26T00:00:00,
112,std.bassem72@student.edu.eg,Bassem Farouk,$2b$12$fakehash,,student,+201040281491,2025-09-04T00:00:00,
113,std.ziad73@student.edu.eg,Ziad Gamal,$2b$12$fakehash,,student,+201245186708,2025-12-30T00:00:00,
114,std.mohamed74@student.edu.eg,Mohamed Ismail,$2b$12$fakehash,,student,+201096926431,2025-09-30T00:00:00,
115,std.mahmoud75@student.edu.eg,Mahmoud Ibrahim,$2b$12$fakehash,,student,+201023044889,2026-01-29T00:00:00,
116,std.mostafa76@student.edu.eg,Mostafa Abdallah,$2b$12$fakehash,,student,+201264776386,2025-12-23T00:00:00,
117,std.seif77@student.edu.eg,Seif Nasser,$2b$12$fakehash,,student,+201258140388,2026-03-30T00:00:00,
118,std.mariam78@student.edu.eg,Mariam Hassan,$2b$12$fakehash,,student,+201212866549,2025-09-18T00:00:00,
119,std.heba79@student.edu.eg,Heba Mohamed,$2b$12$fakehash,,student,+201054098516,2026-03-24T00:00:00,
120,std.tarek80@student.edu.eg,Tarek Ali,$2b$12$fakehash,,student,+201141934639,2025-10-03T00:00:00,
121,std.hana81@student.edu.eg,Hana Tawfik,$2b$12$fakehash,,student,+201178885632,2026-03-06T00:00:00,
122,std.layla82@student.edu.eg,Layla Saleh,$2b$12$fakehash,,student,+201163904155,2025-11-22T00:00:00,
123,std.eman83@student.edu.eg,Eman Mahmoud,$2b$12$fakehash,,student,+201288566318,2025-12-26T00:00:00,
124,std.noura84@student.edu.eg,Noura Ismail,$2b$12$fakehash,,student,+201097874085,2025-12-15T00:00:00,
125,std.wael85@student.edu.eg,Wael Shaker,$2b$12$fakehash,,student,+201167279295,2025-09-18T00:00:00,
126,std.youssef86@student.edu.eg,Youssef Hassan,$2b$12$fakehash,,student,+201260015814,2026-02-19T00:00:00,
127,std.khaled87@student.edu.eg,Khaled Abdallah,$2b$12$fakehash,,student,+201116904975,2025-10-10T00:00:00,
128,std.aya88@student.edu.eg,Aya Khalil,$2b$12$fakehash,,student,+201125419645,2026-02-03T00:00:00,
129,std.ayman89@student.edu.eg,Ayman El-Sayed,$2b$12$fakehash,,student,+201155610493,2025-09-18T00:00:00,
130,std.mostafa90@student.edu.eg,Mostafa El-Sayed,$2b$12$fakehash,,student,+201170887307,2026-03-18T00:00:00,
131,std.sahar91@student.edu.eg,Sahar Ismail,$2b$12$fakehash,,student,+201216679008,2026-01-03T00:00:00,
132,std.eman92@student.edu.eg,Eman Shaker,$2b$12$fakehash,,student,+201225276327,2026-01-13T00:00:00,
133,std.nour93@student.edu.eg,Nour Ibrahim,$2b$12$fakehash,,student,+201011031743,2025-11-14T00:00:00,
134,std.sherif94@student.edu.eg,Sherif Ali,$2b$12$fakehash,,student,+201027339011,2025-09-19T00:00:00,
135,std.dina95@student.edu.eg,Dina Ibrahim,$2b$12$fakehash,,student,+201052018286,2025-11-14T00:00:00,
136,std.khaled96@student.edu.eg,Khaled Osman,$2b$12$fakehash,,student,+201271753160,2025-09-28T00:00:00,
137,std.seif97@student.edu.eg,Seif Abdallah,$2b$12$fakehash,,student,+201151644346,2025-09-20T00:00:00,
138,std.noura98@student.edu.eg,Noura Ali,$2b$12$fakehash,,student,+201157123808,2025-10-21T00:00:00,
139,std.tarek99@student.edu.eg,Tarek Ismail,$2b$12$fakehash,,student,+201276319264,2026-02-12T00:00:00,
140,std.ghada100@student.edu.eg,Ghada Ismail,$2b$12$fakehash,,student,+201119165226,2026-01-30T00:00:00,
141,std.ali101@student.edu.eg,Ali Nasser,$2b$12$fakehash,,student,+201115047559,2026-02-05T00:00:00,
142,std.eman102@student.edu.eg,Eman Tawfik,$2b$12$fakehash,,student,+201215505975,2025-12-31T00:00:00,
143,std.noura103@student.edu.eg,Noura Mahmoud,$2b$12$fakehash,,student,+201121318464,2025-12-22T00:00:00,
144,std.layla104@student.edu.eg,Layla Tawfik,$2b$12$fakehash,,student,+201161998170,2025-09-17T00:00:00,
145,std.wael105@student.edu.eg,Wael Ali,$2b$12$fakehash,,student,+201298122539,2025-11-29T00:00:00,
146,std.nour106@student.edu.eg,Nour Osman,$2b$12$fakehash,,student,+201051551377,2026-02-19T00:00:00,
147,std.layla107@student.edu.eg,Layla Hassan,$2b$12$fakehash,,student,+201058667035,2025-10-20T00:00:00,
148,std.eslam108@student.edu.eg,Eslam Mahmoud,$2b$12$fakehash,,student,+201078140959,2026-01-31T00:00:00,
149,std.mona109@student.edu.eg,Mona Mahmoud,$2b$12$fakehash,,student,+201232218290,2025-12-23T00:00:00,
150,std.nahla110@student.edu.eg,Nahla Saleh,$2b$12$fakehash,,student,+201051536077,2026-03-16T00:00:00,
151,std.bassem111@student.edu.eg,Bassem Osman,$2b$12$fakehash,,student,+201091156554,2026-01-20T00:00:00,
152,std.ibrahim112@student.edu.eg,Ibrahim Tawfik,$2b$12$fakehash,,student,+201046613428,2026-03-29T00:00:00,
153,std.yasmin113@student.edu.eg,Yasmin Nasser,$2b$12$fakehash,,student,+201260192261,2025-11-21T00:00:00,
154,std.ibrahim114@student.edu.eg,Ibrahim Farouk,$2b$12$fakehash,,student,+201128628439,2025-09-05T00:00:00,
155,std.ziad115@student.edu.eg,Ziad Mohamed,$2b$12$fakehash,,student,+201280836292,2025-09-13T00:00:00,
156,std.seif116@student.edu.eg,Seif Abdallah,$2b$12$fakehash,,student,+201190092958,2026-03-03T00:00:00,
157,std.mostafa117@student.edu.eg,Mostafa Saleh,$2b$12$fakehash,,student,+201086593187,2025-09-18T00:00:00,
158,std.layla118@student.edu.eg,Layla Gamal,$2b$12$fakehash,,student,+201115843091,2025-12-01T00:00:00,
159,std.hassan119@student.edu.eg,Hassan Nasser,$2b$12$fakehash,,student,+201088101741,2026-03-28T00:00:00,
160,std.nourhan120@student.edu.eg,Nourhan Abdel-Rahman,$2b$12$fakehash,,student,+201194790150,2025-10-22T00:00:00,
161,std.omar121@student.edu.eg,Omar Mohamed,$2b$12$fakehash,,student,+201263448727,2026-03-12T00:00:00,
162,std.nourhan122@student.edu.eg,Nourhan Mohamed,$2b$12$fakehash,,student,+201098010774,2026-03-10T00:00:00,
163,std.yasmin123@student.edu.eg,Yasmin Osman,$2b$12$fakehash,,student,+201159304469,2025-09-21T00:00:00,
164,std.rania124@student.edu.eg,Rania Ismail,$2b$12$fakehash,,student,+201020746667,2026-03-03T00:00:00,
165,std.rania125@student.edu.eg,Rania Abdel-Rahman,$2b$12$fakehash,,student,+201057319709,2025-09-20T00:00:00,
166,std.ghada126@student.edu.eg,Ghada Osman,$2b$12$fakehash,,student,+201231473054,2025-09-18T00:00:00,
167,std.seif127@student.edu.eg,Seif Nasser,$2b$12$fakehash,,student,+201091214453,2026-01-25T00:00:00,
168,std.mahmoud128@student.edu.eg,Mahmoud Tawfik,$2b$12$fakehash,,student,+201143502308,2026-01-22T00:00:00,
169,std.khaled129@student.edu.eg,Khaled Mansour,$2b$12$fakehash,,student,+201248329479,2025-12-25T00:00:00,
170,std.tarek130@student.edu.eg,Tarek Shaker,$2b$12$fakehash,,student,+201218715975,2026-03-23T00:00:00,
171,std.sara131@student.edu.eg,Sara Tawfik,$2b$12$fakehash,,student,+201041774192,2025-12-04T00:00:00,
172,std.mariam132@student.edu.eg,Mariam Gamal,$2b$12$fakehash,,student,+201051512297,2026-03-30T00:00:00,
173,std.sahar133@student.edu.eg,Sahar Hassan,$2b$12$fakehash,,student,+201172523073,2026-03-16T00:00:00,
174,std.mahmoud134@student.edu.eg,Mahmoud Abdallah,$2b$12$fakehash,,student,+201230537388,2025-11-28T00:00:00,
175,std.layla135@student.edu.eg,Layla Saleh,$2b$12$fakehash,,student,+201246836194,2026-01-30T00:00:00,
176,std.nesma136@student.edu.eg,Nesma Mahmoud,$2b$12$fakehash,,student,+201255314533,2026-02-14T00:00:00,
177,std.karim137@student.edu.eg,Karim Morsi,$2b$12$fakehash,,student,+201283226170,2026-03-26T00:00:00,
178,std.dina138@student.edu.eg,Dina Saleh,$2b$12$fakehash,,student,+201069002851,2025-11-20T00:00:00,
179,std.sherif139@student.edu.eg,Sherif Nasser,$2b$12$fakehash,,student,+201285383550,2025-12-25T00:00:00,
180,std.seif140@student.edu.eg,Seif Mahmoud,$2b$12$fakehash,,student,+201192594562,2025-10-19T00:00:00,
181,std.amr141@student.edu.eg,Amr Hamdy,$2b$12$fakehash,,student,+201176755908,2025-10-26T00:00:00,
182,std.nesma142@student.edu.eg,Nesma Nasser,$2b$12$fakehash,,student,+201297813295,2025-12-20T00:00:00,
183,std.mahmoud143@student.edu.eg,Mahmoud Mansour,$2b$12$fakehash,,student,+201116072331,2026-01-20T00:00:00,
184,std.bassem144@student.edu.eg,Bassem Hassan,$2b$12$fakehash,,student,+201193650068,2026-03-23T00:00:00,
185,std.wael145@student.edu.eg,Wael Gamal,$2b$12$fakehash,,student,+201263873262,2026-03-25T00:00:00,
186,std.aya146@student.edu.eg,Aya Tawfik,$2b$12$fakehash,,student,+201228761086,2026-01-30T00:00:00,
187,std.wael147@student.edu.eg,Wael Tawfik,$2b$12$fakehash,,student,+201173739005,2026-03-23T00:00:00,
188,std.ghada148@student.edu.eg,Ghada El-Sayed,$2b$12$fakehash,,student,+201287641510,2025-10-14T00:00:00,
189,std.layla149@student.edu.eg,Layla Ismail,$2b$12$fakehash,,student,+201014237322,2025-12-17T00:00:00,
190,std.mostafa150@student.edu.eg,Mostafa Abdallah,$2b$12$fakehash,,student,+201273297813,2026-01-22T00:00:00,
191,std.sherif151@student.edu.eg,Sherif Hamdy,$2b$12$fakehash,,student,+201071694994,2026-02-04T00:00:00,
192,std.aya152@student.edu.eg,Aya Mohamed,$2b$12$fakehash,,student,+201049945150,2025-11-29T00:00:00,
193,std.heba153@student.edu.eg,Heba Mansour,$2b$12$fakehash,,student,+201260961690,2025-11-13T00:00:00,
194,std.youssef154@student.edu.eg,Youssef Nasser,$2b$12$fakehash,,student,+201037121108,2026-02-05T00:00:00,
195,std.nesma155@student.edu.eg,Nesma Khalil,$2b$12$fakehash,,student,+201240289135,2026-03-03T00:00:00,
196,std.aya156@student.edu.eg,Aya Ali,$2b$12$fakehash,,student,+201231198492,2025-11-22T00:00:00,
197,std.bassem157@student.edu.eg,Bassem Ibrahim,$2b$12$fakehash,,student,+201215006085,2025-12-11T00:00:00,
198,std.salma158@student.edu.eg,Salma Abdel-Rahman,$2b$12$fakehash,,student,+201050049524,2025-10-05T00:00:00,
199,std.noura159@student.edu.eg,Noura Shaker,$2b$12$fakehash,,student,+201131809610,2025-09-04T00:00:00,
200,std.wael160@student.edu.eg,Wael Saleh,$2b$12$fakehash,,student,+201264423996,2025-10-18T00:00:00,
201,std.mahmoud161@student.edu.eg,Mahmoud Hamdy,$2b$12$fakehash,,student,+201141611127,2025-11-06T00:00:00,
202,std.nourhan162@student.edu.eg,Nourhan Nasser,$2b$12$fakehash,,student,+201072464258,2026-02-24T00:00:00,
203,std.khaled163@student.edu.eg,Khaled Saleh,$2b$12$fakehash,,student,+201074180488,2026-02-27T00:00:00,
204,std.heba164@student.edu.eg,Heba Hamdy,$2b$12$fakehash,,student,+201289968863,2025-09-16T00:00:00,
205,std.heba165@student.edu.eg,Heba Tawfik,$2b$12$fakehash,,student,+201054039203,2025-09-24T00:00:00,
206,std.noura166@student.edu.eg,Noura Shaker,$2b$12$fakehash,,student,+201171310453,2026-03-05T00:00:00,
207,std.mohamed167@student.edu.eg,Mohamed Osman,$2b$12$fakehash,,student,+201219801857,2025-09-18T00:00:00,
208,std.aya168@student.edu.eg,Aya Ibrahim,$2b$12$fakehash,,student,+201096104027,2025-12-06T00:00:00,
209,std.youssef169@student.edu.eg,Youssef Gamal,$2b$12$fakehash,,student,+201262755436,2026-03-13T00:00:00,
210,std.mohamed170@student.edu.eg,Mohamed Saleh,$2b$12$fakehash,,student,+201043220503,2025-09-09T00:00:00,
211,std.hana171@student.edu.eg,Hana Ismail,$2b$12$fakehash,,student,+201089717834,2025-12-12T00:00:00,
212,std.yasmin172@student.edu.eg,Yasmin Khalil,$2b$12$fakehash,,student,+201028808678,2025-10-31T00:00:00,
213,std.nour173@student.edu.eg,Nour Mahmoud,$2b$12$fakehash,,student,+201118181595,2025-09-13T00:00:00,
214,std.fatma174@student.edu.eg,Fatma Osman,$2b$12$fakehash,,student,+201130027648,2025-10-28T00:00:00,
215,std.nour175@student.edu.eg,Nour Mahmoud,$2b$12$fakehash,,student,+201184797762,2025-11-24T00:00:00,
216,std.nourhan176@student.edu.eg,Nourhan Hassan,$2b$12$fakehash,,student,+201235566010,2025-09-19T00:00:00,
217,std.hossam177@student.edu.eg,Hossam Morsi,$2b$12$fakehash,,student,+201150693207,2025-11-02T00:00:00,
218,std.eman178@student.edu.eg,Eman Mohamed,$2b$12$fakehash,,student,+201161091554,2025-12-29T00:00:00,
219,std.ibrahim179@student.edu.eg,Ibrahim Hamdy,$2b$12$fakehash,,student,+201116135823,2026-01-20T00:00:00,
220,std.nesma180@student.edu.eg,Nesma Morsi,$2b$12$fakehash,,student,+201054273769,2025-11-05T00:00:00,
221,std.salma181@student.edu.eg,Salma Hamdy,$2b$12$fakehash,,student,+201132718459,2026-01-13T00:00:00,
222,std.omar182@student.edu.eg,Omar Hassan,$2b$12$fakehash,,student,+201128453800,2026-01-08T00:00:00,
223,std.mariam183@student.edu.eg,Mariam Nasser,$2b$12$fakehash,,student,+201274854563,2025-09-04T00:00:00,
224,std.mohamed184@student.edu.eg,Mohamed Tawfik,$2b$12$fakehash,,student,+201112300840,2025-09-25T00:00:00,
225,std.layla185@student.edu.eg,Layla Mahmoud,$2b$12$fakehash,,student,+201157572279,2025-12-27T00:00:00,
226,std.sahar186@student.edu.eg,Sahar Khalil,$2b$12$fakehash,,student,+201097742922,2026-01-20T00:00:00,
227,std.aya187@student.edu.eg,Aya Ibrahim,$2b$12$fakehash,,student,+201077089857,2025-10-29T00:00:00,
228,std.karim188@student.edu.eg,Karim Morsi,$2b$12$fakehash,,student,+201047631028,2026-01-29T00:00:00,
229,std.mostafa189@student.edu.eg,Mostafa Osman,$2b$12$fakehash,,student,+201086060638,2026-01-07T00:00:00,
230,std.fatma190@student.edu.eg,Fatma Ibrahim,$2b$12$fakehash,,student,+201055713584,2026-03-20T00:00:00,
231,std.yasmin191@student.edu.eg,Yasmin Hamdy,$2b$12$fakehash,,student,+201167961650,2026-03-02T00:00:00,
232,std.hassan192@student.edu.eg,Hassan Hassan,$2b$12$fakehash,,student,+201230706693,2025-09-02T00:00:00,
233,std.nour193@student.edu.eg,Nour Shaker,$2b$12$fakehash,,student,+201035151299,2025-09-27T00:00:00,
234,std.mohamed194@student.edu.eg,Mohamed Hassan,$2b$12$fakehash,,student,+201253544301,2026-03-05T00:00:00,
235,std.heba195@student.edu.eg,Heba Khalil,$2b$12$fakehash,,student,+201028634797,2025-10-13T00:00:00,
236,std.rania196@student.edu.eg,Rania Mansour,$2b$12$fakehash,,student,+201058469365,2025-12-27T00:00:00,
237,std.ibrahim197@student.edu.eg,Ibrahim Mahmoud,$2b$12$fakehash,,student,+201193240786,2025-11-16T00:00:00,
238,std.sherif198@student.edu.eg,Sherif Ismail,$2b$12$fakehash,,student,+201063450811,2026-01-04T00:00:00,
239,std.sahar199@student.edu.eg,Sahar Khalil,$2b$12$fakehash,,student,+201158991556,2026-03-06T00:00:00,
240,std.mariam200@student.edu.eg,Mariam Mohamed,$2b$12$fakehash,,student,+201064914054,2025-11-04T00:00:00,
241,std.mostafa201@student.edu.eg,Mostafa Abdallah,$2b$12$fakehash,,student,+201274321792,2026-02-25T00:00:00,
242,std.hana202@student.edu.eg,Hana Gamal,$2b$12$fakehash,,student,+201289701163,2025-10-13T00:00:00,
243,std.nourhan203@student.edu.eg,Nourhan Ismail,$2b$12$fakehash,,student,+201296804457,2025-09-03T00:00:00,
244,std.ibrahim204@student.edu.eg,Ibrahim Mansour,$2b$12$fakehash,,student,+201287915846,2026-03-17T00:00:00,
245,std.nesma205@student.edu.eg,Nesma Tawfik,$2b$12$fakehash,,student,+201124032377,2025-11-29T00:00:00,
246,std.nour206@student.edu.eg,Nour Farouk,$2b$12$fakehash,,student,+201173909453,2025-11-21T00:00:00,
247,std.hassan207@student.edu.eg,Hassan Saleh,$2b$12$fakehash,,student,+201196969050,2026-01-20T00:00:00,
248,std.amr208@student.edu.eg,Amr Farouk,$2b$12$fakehash,,student,+201064364546,2025-12-11T00:00:00,
249,std.mohamed209@student.edu.eg,Mohamed Ismail,$2b$12$fakehash,,student,+201110597274,2026-01-26T00:00:00,
250,std.ibrahim210@student.edu.eg,Ibrahim Gamal,$2b$12$fakehash,,student,+201125294777,2026-02-04T00:00:00,
251,std.dina211@student.edu.eg,Dina Morsi,$2b$12$fakehash,,student,+201192861016,2025-11-20T00:00:00,
252,std.khaled212@student.edu.eg,Khaled Khalil,$2b$12$fakehash,,student,+201228972822,2025-12-18T00:00:00,
253,std.tarek213@student.edu.eg,Tarek Hamdy,$2b$12$fakehash,,student,+201148766747,2025-12-01T00:00:00,
254,std.ahmed214@student.edu.eg,Ahmed Hamdy,$2b$12$fakehash,,student,+201277838742,2025-12-16T00:00:00,
255,std.yasmin215@student.edu.eg,Yasmin Hamdy,$2b$12$fakehash,,student,+201049203644,2026-03-19T00:00:00,
256,std.mariam216@student.edu.eg,Mariam Morsi,$2b$12$fakehash,,student,+201086868379,2026-03-14T00:00:00,
257,std.yasmin217@student.edu.eg,Yasmin Gamal,$2b$12$fakehash,,student,+201243223132,2025-12-22T00:00:00,
258,std.khaled218@student.edu.eg,Khaled Khalil,$2b$12$fakehash,,student,+201191907952,2026-03-28T00:00:00,
259,std.karim219@student.edu.eg,Karim Ibrahim,$2b$12$fakehash,,student,+201282312290,2026-01-10T00:00:00,
260,std.ibrahim220@student.edu.eg,Ibrahim Mahmoud,$2b$12$fakehash,,student,+201227030641,2026-04-01T00:00:00,
261,std.seif221@student.edu.eg,Seif Osman,$2b$12$fakehash,,student,+201194263610,2026-03-23T00:00:00,
262,std.youssef222@student.edu.eg,Youssef Osman,$2b$12$fakehash,,student,+201171028216,2026-03-07T00:00:00,
263,std.mariam223@student.edu.eg,Mariam Nasser,$2b$12$fakehash,,student,+201138434222,2025-11-26T00:00:00,
264,std.heba224@student.edu.eg,Heba Morsi,$2b$12$fakehash,,student,+201116497381,2025-10-11T00:00:00,
265,std.yasmin225@student.edu.eg,Yasmin Shaker,$2b$12$fakehash,,student,+201227705074,2025-11-04T00:00:00,
266,std.youssef226@student.edu.eg,Youssef Nasser,$2b$12$fakehash,,student,+201251004756,2025-09-01T00:00:00,
267,std.karim227@student.edu.eg,Karim Hamdy,$2b$12$fakehash,,student,+201269735865,2026-03-29T00:00:00,
268,std.khaled228@student.edu.eg,Khaled Abdallah,$2b$12$fakehash,,student,+201061414775,2025-10-06T00:00:00,
269,std.mona229@student.edu.eg,Mona Mahmoud,$2b$12$fakehash,,student,+201211137460,2026-02-08T00:00:00,
270,std.mostafa230@student.edu.eg,Mostafa Abdallah,$2b$12$fakehash,,student,+201023484199,2025-11-20T00:00:00,
271,std.mahmoud231@student.edu.eg,Mahmoud Khalil,$2b$12$fakehash,,student,+201290664728,2025-10-23T00:00:00,
272,std.layla232@student.edu.eg,Layla Ismail,$2b$12$fakehash,,student,+201196727439,2026-01-06T00:00:00,
273,std.ghada233@student.edu.eg,Ghada Ismail,$2b$12$fakehash,,student,+201058465780,2026-01-18T00:00:00,
274,std.tarek234@student.edu.eg,Tarek Hamdy,$2b$12$fakehash,,student,+201045189912,2026-02-08T00:00:00,
275,std.noura235@student.edu.eg,Noura Abdallah,$2b$12$fakehash,,student,+201282162880,2025-09-21T00:00:00,
276,std.noura236@student.edu.eg,Noura Mohamed,$2b$12$fakehash,,student,+201295133532,2025-11-01T00:00:00,
277,std.ali237@student.edu.eg,Ali Khalil,$2b$12$fakehash,,student,+201291716102,2026-03-09T00:00:00,
278,std.tarek238@student.edu.eg,Tarek Ali,$2b$12$fakehash,,student,+201076627415,2026-03-11T00:00:00,
279,std.ayman239@student.edu.eg,Ayman Ali,$2b$12$fakehash,,student,+201180310522,2026-01-06T00:00:00,
280,std.mariam240@student.edu.eg,Mariam Tawfik,$2b$12$fakehash,,student,+201232398441,2025-10-29T00:00:00,
281,std.noura241@student.edu.eg,Noura El-Sayed,$2b$12$fakehash,,student,+201158852098,2025-10-28T00:00:00,
282,std.sherif242@student.edu.eg,Sherif Khalil,$2b$12$fakehash,,student,+201086710258,2026-03-25T00:00:00,
283,std.layla243@student.edu.eg,Layla Ibrahim,$2b$12$fakehash,,student,+201151701149,2025-09-03T00:00:00,
284,std.sara244@student.edu.eg,Sara Mohamed,$2b$12$fakehash,,student,+201293579731,2026-03-07T00:00:00,
285,std.amira245@student.edu.eg,Amira Khalil,$2b$12$fakehash,,student,+201041272427,2025-11-25T00:00:00,
286,std.ahmed246@student.edu.eg,Ahmed Osman,$2b$12$fakehash,,student,+201241966313,2025-09-24T00:00:00,
287,std.omar247@student.edu.eg,Omar Khalil,$2b$12$fakehash,,student,+201171533194,2026-02-11T00:00:00,
288,std.dina248@student.edu.eg,Dina Hassan,$2b$12$fakehash,,student,+201041778964,2025-11-21T00:00:00,
289,std.yasmin249@student.edu.eg,Yasmin Mansour,$2b$12$fakehash,,student,+201088478184,2025-11-20T00:00:00,
290,std.hana250@student.edu.eg,Hana Ali,$2b$12$fakehash,,student,+201070655283,2025-10-11T00:00:00,
291,std.nour251@student.edu.eg,Nour Ismail,$2b$12$fakehash,,student,+201129907683,2026-02-21T00:00:00,
292,std.nour252@student.edu.eg,Nour Mansour,$2b$12$fakehash,,student,+201184618850,2025-10-02T00:00:00,
293,std.ahmed253@student.edu.eg,Ahmed Ibrahim,$2b$12$fakehash,,student,+201159961172,2025-09-06T00:00:00,
294,std.hassan254@student.edu.eg,Hassan Mohamed,$2b$12$fakehash,,student,+201054499873,2026-03-30T00:00:00,
295,std.dina255@student.edu.eg,Dina Hamdy,$2b$12$fakehash,,student,+201057505459,2025-09-09T00:00:00,
296,std.nahla256@student.edu.eg,Nahla Ismail,$2b$12$fakehash,,student,+201165296657,2025-10-06T00:00:00,
297,std.hana257@student.edu.eg,Hana Mohamed,$2b$12$fakehash,,student,+201212621269,2025-11-28T00:00:00,
298,std.sahar258@student.edu.eg,Sahar Tawfik,$2b$12$fakehash,,student,+201052799022,2026-01-14T00:00:00,
299,std.fatma259@student.edu.eg,Fatma Morsi,$2b$12$fakehash,,student,+201242366980,2025-11-30T00:00:00,
300,std.tarek260@student.edu.eg,Tarek Abdel-Rahman,$2b$12$fakehash,,student,+201258155056,2026-01-23T00:00:00,
301,std.hossam261@student.edu.eg,Hossam Hamdy,$2b$12$fakehash,,student,+201022114140,2025-09-01T00:00:00,
302,std.wael262@student.edu.eg,Wael Ismail,$2b$12$fakehash,,student,+201053431355,2026-03-18T00:00:00,
303,std.khaled263@student.edu.eg,Khaled Tawfik,$2b$12$fakehash,,student,+201263095937,2025-10-11T00:00:00,
304,std.rania264@student.edu.eg,Rania Hamdy,$2b$12$fakehash,,student,+201292370625,2025-12-06T00:00:00,
305,std.nour265@student.edu.eg,Nour Saleh,$2b$12$fakehash,,student,+201286884584,2026-02-11T00:00:00,
306,std.sahar266@student.edu.eg,Sahar Ali,$2b$12$fakehash,,student,+201041943272,2025-09-23T00:00:00,
307,std.ghada267@student.edu.eg,Ghada Farouk,$2b$12$fakehash,,student,+201019099261,2025-12-22T00:00:00,
308,std.hana268@student.edu.eg,Hana Abdel-Rahman,$2b$12$fakehash,,student,+201183286096,2026-02-14T00:00:00,
309,std.eslam269@student.edu.eg,Eslam Abdel-Rahman,$2b$12$fakehash,,student,+201049581964,2025-10-14T00:00:00,
310,std.mona270@student.edu.eg,Mona Abdel-Rahman,$2b$12$fakehash,,student,+201055358959,2026-02-03T00:00:00,
311,std.rania271@student.edu.eg,Rania Abdel-Rahman,$2b$12$fakehash,,student,+201064932613,2025-09-25T00:00:00,
312,std.ali272@student.edu.eg,Ali Osman,$2b$12$fakehash,,student,+201110512117,2025-10-22T00:00:00,
313,std.ibrahim273@student.edu.eg,Ibrahim El-Sayed,$2b$12$fakehash,,student,+201073561576,2025-09-24T00:00:00,
314,std.nourhan274@student.edu.eg,Nourhan Gamal,$2b$12$fakehash,,student,+201159580252,2025-11-07T00:00:00,
315,std.eslam275@student.edu.eg,Eslam Mansour,$2b$12$fakehash,,student,+201299586100,2026-03-13T00:00:00,
316,std.nesma276@student.edu.eg,Nesma Khalil,$2b$12$fakehash,,student,+201266187845,2025-09-21T00:00:00,
317,std.dina277@student.edu.eg,Dina Ibrahim,$2b$12$fakehash,,student,+201133203422,2025-09-21T00:00:00,
318,std.rania278@student.edu.eg,Rania Mohamed,$2b$12$fakehash,,student,+201152916049,2026-01-20T00:00:00,
319,std.sherif279@student.edu.eg,Sherif Mansour,$2b$12$fakehash,,student,+201093625419,2026-01-24T00:00:00,
320,std.nesma280@student.edu.eg,Nesma Morsi,$2b$12$fakehash,,student,+201048398732,2026-01-25T00:00:00,
321,std.eman281@student.edu.eg,Eman Hamdy,$2b$12$fakehash,,student,+201092979370,2026-02-24T00:00:00,
322,std.seif282@student.edu.eg,Seif Ibrahim,$2b$12$fakehash,,student,+201112715612,2026-02-26T00:00:00,
323,std.ibrahim283@student.edu.eg,Ibrahim Khalil,$2b$12$fakehash,,student,+201153066216,2025-12-23T00:00:00,
324,std.karim284@student.edu.eg,Karim Abdallah,$2b$12$fakehash,,student,+201117543817,2025-10-05T00:00:00,
325,std.layla285@student.edu.eg,Layla Morsi,$2b$12$fakehash,,student,+201017734634,2026-02-28T00:00:00,
326,std.hossam286@student.edu.eg,Hossam Mansour,$2b$12$fakehash,,student,+201226625933,2025-10-16T00:00:00,
327,std.aya287@student.edu.eg,Aya Morsi,$2b$12$fakehash,,student,+201122132198,2025-10-27T00:00:00,
328,std.nourhan288@student.edu.eg,Nourhan Khalil,$2b$12$fakehash,,student,+201178891441,2026-02-13T00:00:00,
329,std.tarek289@student.edu.eg,Tarek Ismail,$2b$12$fakehash,,student,+201196267144,2025-12-27T00:00:00,
330,std.ziad290@student.edu.eg,Ziad Mohamed,$2b$12$fakehash,,student,+201263304911,2026-01-22T00:00:00,
331,std.nourhan291@student.edu.eg,Nourhan Ismail,$2b$12$fakehash,,student,+201074657836,2025-11-10T00:00:00,
332,std.ziad292@student.edu.eg,Ziad Saleh,$2b$12$fakehash,,student,+201017620167,2026-03-04T00:00:00,
333,std.mohamed293@student.edu.eg,Mohamed Hamdy,$2b$12$fakehash,,student,+201162113377,2025-11-27T00:00:00,
334,std.eslam294@student.edu.eg,Eslam Gamal,$2b$12$fakehash,,student,+201258116670,2025-11-15T00:00:00,
335,std.ibrahim295@student.edu.eg,Ibrahim Hamdy,$2b$12$fakehash,,student,+201234571018,2025-10-28T00:00:00,
336,std.nour296@student.edu.eg,Nour Abdallah,$2b$12$fakehash,,student,+201172244897,2025-12-30T00:00:00,
337,std.hossam297@student.edu.eg,Hossam Tawfik,$2b$12$fakehash,,student,+201117256074,2025-10-07T00:00:00,
338,std.sherif298@student.edu.eg,Sherif Abdel-Rahman,$2b$12$fakehash,,student,+201052065724,2026-03-14T00:00:00,
339,std.amr299@student.edu.eg,Amr Morsi,$2b$12$fakehash,,student,+201027368573,2026-01-01T00:00:00,
340,std.mona300@student.edu.eg,Mona El-Sayed,$2b$12$fakehash,,student,+201111889398,2025-10-28T00:00:00,
341,std.fatma301@student.edu.eg,Fatma Saleh,$2b$12$fakehash,,student,+201251086072,2025-12-26T00:00:00,
342,std.layla302@student.edu.eg,Layla Ismail,$2b$12$fakehash,,student,+201227956913,2025-09-05T00:00:00,
343,std.eslam303@student.edu.eg,Eslam Khalil,$2b$12$fakehash,,student,+201089147232,2025-12-06T00:00:00,
344,std.ghada304@student.edu.eg,Ghada Mansour,$2b$12$fakehash,,student,+201098848098,2025-12-07T00:00:00,
345,std.khaled305@student.edu.eg,Khaled Gamal,$2b$12$fakehash,,student,+201094598956,2026-02-07T00:00:00,
346,std.eman306@student.edu.eg,Eman Mahmoud,$2b$12$fakehash,,student,+201225802066,2026-03-19T00:00:00,
347,std.ziad307@student.edu.eg,Ziad Tawfik,$2b$12$fakehash,,student,+201131524980,2025-09-01T00:00:00,
348,std.ahmed308@student.edu.eg,Ahmed Hassan,$2b$12$fakehash,,student,+201022090691,2025-11-05T00:00:00,
349,std.nourhan309@student.edu.eg,Nourhan Khalil,$2b$12$fakehash,,student,+201023396125,2025-12-19T00:00:00,
350,std.khaled310@student.edu.eg,Khaled Ali,$2b$12$fakehash,,student,+201296865529,2026-03-07T00:00:00,
351,std.youssef311@student.edu.eg,Youssef Nasser,$2b$12$fakehash,,student,+201171275585,2026-02-14T00:00:00,
352,std.amr312@student.edu.eg,Amr Ali,$2b$12$fakehash,,student,+201023920137,2026-03-19T00:00:00,
353,std.fatma313@student.edu.eg,Fatma Ismail,$2b$12$fakehash,,student,+201125158211,2025-09-04T00:00:00,
354,std.layla314@student.edu.eg,Layla Morsi,$2b$12$fakehash,,student,+201255405943,2026-01-02T00:00:00,
355,std.fatma315@student.edu.eg,Fatma Osman,$2b$12$fakehash,,student,+201217323740,2025-10-13T00:00:00,
356,std.hassan316@student.edu.eg,Hassan Hamdy,$2b$12$fakehash,,student,+201116757958,2025-12-06T00:00:00,
357,std.dina317@student.edu.eg,Dina Khalil,$2b$12$fakehash,,student,+201270142774,2026-03-10T00:00:00,
358,std.nourhan318@student.edu.eg,Nourhan El-Sayed,$2b$12$fakehash,,student,+201283698792,2026-01-09T00:00:00,
359,std.heba319@student.edu.eg,Heba Mohamed,$2b$12$fakehash,,student,+201117284695,2026-03-03T00:00:00,
360,std.sara320@student.edu.eg,Sara Shaker,$2b$12$fakehash,,student,+201010294869,2026-02-27T00:00:00,
361,std.ibrahim321@student.edu.eg,Ibrahim Ibrahim,$2b$12$fakehash,,student,+201264923338,2025-12-10T00:00:00,
362,std.karim322@student.edu.eg,Karim Shaker,$2b$12$fakehash,,student,+201116241172,2026-01-06T00:00:00,
363,std.ahmed323@student.edu.eg,Ahmed Tawfik,$2b$12$fakehash,,student,+201188533572,2025-10-15T00:00:00,
364,std.mahmoud324@student.edu.eg,Mahmoud Ali,$2b$12$fakehash,,student,+201166192230,2025-11-15T00:00:00,
365,std.yasmin325@student.edu.eg,Yasmin Mahmoud,$2b$12$fakehash,,student,+201278759020,2025-10-22T00:00:00,
366,std.karim326@student.edu.eg,Karim Ismail,$2b$12$fakehash,,student,+201227806897,2026-03-01T00:00:00,
367,std.khaled327@student.edu.eg,Khaled Nasser,$2b$12$fakehash,,student,+201266032939,2025-09-07T00:00:00,
368,std.mona328@student.edu.eg,Mona Mahmoud,$2b$12$fakehash,,student,+201048468887,2025-10-23T00:00:00,
369,std.amira329@student.edu.eg,Amira Ibrahim,$2b$12$fakehash,,student,+201285414925,2026-02-25T00:00:00,
370,std.ali330@student.edu.eg,Ali Osman,$2b$12$fakehash,,student,+201251963706,2026-04-01T00:00:00,
371,std.eslam331@student.edu.eg,Eslam Nasser,$2b$12$fakehash,,student,+201049483865,2025-10-15T00:00:00,
372,std.noura332@student.edu.eg,Noura Ali,$2b$12$fakehash,,student,+201245465638,2025-12-29T00:00:00,
373,std.mostafa333@student.edu.eg,Mostafa Ibrahim,$2b$12$fakehash,,student,+201292625597,2025-09-19T00:00:00,
374,std.sherif334@student.edu.eg,Sherif Tawfik,$2b$12$fakehash,,student,+201231390345,2026-02-17T00:00:00,
375,std.wael335@student.edu.eg,Wael Farouk,$2b$12$fakehash,,student,+201281202356,2025-11-01T00:00:00,
376,std.nourhan336@student.edu.eg,Nourhan Ismail,$2b$12$fakehash,,student,+201253075436,2026-01-17T00:00:00,
377,std.bassem337@student.edu.eg,Bassem El-Sayed,$2b$12$fakehash,,student,+201269801634,2026-01-10T00:00:00,
378,std.youssef338@student.edu.eg,Youssef Ali,$2b$12$fakehash,,student,+201218787479,2025-09-27T00:00:00,
379,std.karim339@student.edu.eg,Karim Gamal,$2b$12$fakehash,,student,+201030636590,2025-09-19T00:00:00,
380,std.ali340@student.edu.eg,Ali Abdel-Rahman,$2b$12$fakehash,,student,+201044715141,2025-11-20T00:00:00,
381,std.mohamed341@student.edu.eg,Mohamed Osman,$2b$12$fakehash,,student,+201292993446,2025-11-14T00:00:00,
382,std.nour342@student.edu.eg,Nour Ismail,$2b$12$fakehash,,student,+201161192463,2025-10-05T00:00:00,
383,std.dina343@student.edu.eg,Dina Gamal,$2b$12$fakehash,,student,+201296965116,2025-09-11T00:00:00,
384,std.ahmed344@student.edu.eg,Ahmed Morsi,$2b$12$fakehash,,student,+201050894954,2025-10-12T00:00:00,
385,std.tarek345@student.edu.eg,Tarek Khalil,$2b$12$fakehash,,student,+201086140729,2026-02-19T00:00:00,
386,std.hassan346@student.edu.eg,Hassan Mansour,$2b$12$fakehash,,student,+201154406060,2025-11-12T00:00:00,
387,std.nahla347@student.edu.eg,Nahla Hassan,$2b$12$fakehash,,student,+201192724080,2026-03-26T00:00:00,
388,std.sherif348@student.edu.eg,Sherif Abdallah,$2b$12$fakehash,,student,+201096011893,2026-01-01T00:00:00,
389,std.mariam349@student.edu.eg,Mariam Shaker,$2b$12$fakehash,,student,+201033591471,2025-11-07T00:00:00,
390,std.ghada350@student.edu.eg,Ghada Hassan,$2b$12$fakehash,,student,+201294775473,2026-01-20T00:00:00,
391,std.ziad351@student.edu.eg,Ziad Gamal,$2b$12$fakehash,,student,+201059099345,2026-01-07T00:00:00,
392,std.noura352@student.edu.eg,Noura Hassan,$2b$12$fakehash,,student,+201242062038,2025-10-16T00:00:00,
393,std.sahar353@student.edu.eg,Sahar Morsi,$2b$12$fakehash,,student,+201158156722,2025-11-07T00:00:00,
394,std.sara354@student.edu.eg,Sara Khalil,$2b$12$fakehash,,student,+201162088975,2025-09-27T00:00:00,
395,std.layla355@student.edu.eg,Layla Mansour,$2b$12$fakehash,,student,+201233333727,2026-01-11T00:00:00,
396,std.ziad356@student.edu.eg,Ziad Osman,$2b$12$fakehash,,student,+201175345452,2025-10-29T00:00:00,
397,std.hassan357@student.edu.eg,Hassan Tawfik,$2b$12$fakehash,,student,+201031120146,2026-03-04T00:00:00,
398,std.khaled358@student.edu.eg,Khaled Hamdy,$2b$12$fakehash,,student,+201231642106,2025-09-12T00:00:00,
399,std.mahmoud359@student.edu.eg,Mahmoud Morsi,$2b$12$fakehash,,student,+201215260108,2025-10-17T00:00:00,
400,std.layla360@student.edu.eg,Layla Osman,$2b$12$fakehash,,student,+201298817918,2026-01-02T00:00:00,
401,std.amr361@student.edu.eg,Amr Khalil,$2b$12$fakehash,,student,+201093646063,2026-01-31T00:00:00,
402,std.nesma362@student.edu.eg,Nesma Hassan,$2b$12$fakehash,,student,+201012222998,2025-12-31T00:00:00,
403,std.nahla363@student.edu.eg,Nahla Ismail,$2b$12$fakehash,,student,+201022507745,2026-03-18T00:00:00,
404,std.nourhan364@student.edu.eg,Nourhan Abdallah,$2b$12$fakehash,,student,+201081110769,2025-12-18T00:00:00,
405,std.mahmoud365@student.edu.eg,Mahmoud Mansour,$2b$12$fakehash,,student,+201048019408,2026-01-26T00:00:00,
406,std.layla366@student.edu.eg,Layla Ali,$2b$12$fakehash,,student,+201052399610,2025-11-06T00:00:00,
407,std.amira367@student.edu.eg,Amira Abdallah,$2b$12$fakehash,,student,+201263345392,2025-12-04T00:00:00,
408,std.heba368@student.edu.eg,Heba Gamal,$2b$12$fakehash,,student,+201256218720,2026-03-11T00:00:00,
409,std.eslam369@student.edu.eg,Eslam Shaker,$2b$12$fakehash,,student,+201263762374,2026-03-25T00:00:00,
410,std.youssef370@student.edu.eg,Youssef Mahmoud,$2b$12$fakehash,,student,+201139765498,2025-12-12T00:00:00,
411,std.nahla371@student.edu.eg,Nahla Tawfik,$2b$12$fakehash,,student,+201033524492,2025-10-20T00:00:00,
412,std.omar372@student.edu.eg,Omar Ismail,$2b$12$fakehash,,student,+201214840043,2025-11-10T00:00:00,
413,std.dina373@student.edu.eg,Dina Nasser,$2b$12$fakehash,,student,+201079490249,2025-11-12T00:00:00,
414,std.heba374@student.edu.eg,Heba Morsi,$2b$12$fakehash,,student,+201140372869,2025-11-06T00:00:00,
415,std.tarek375@student.edu.eg,Tarek Abdallah,$2b$12$fakehash,,student,+201249493811,2026-02-25T00:00:00,
416,std.yasmin376@student.edu.eg,Yasmin Osman,$2b$12$fakehash,,student,+201171585593,2026-01-02T00:00:00,
417,std.khaled377@student.edu.eg,Khaled Mansour,$2b$12$fakehash,,student,+201040860700,2026-02-27T00:00:00,
418,std.ziad378@student.edu.eg,Ziad Khalil,$2b$12$fakehash,,student,+201255901507,2026-01-25T00:00:00,
419,std.ayman379@student.edu.eg,Ayman Abdel-Rahman,$2b$12$fakehash,,student,+201041522559,2025-11-03T00:00:00,
420,std.nahla380@student.edu.eg,Nahla Nasser,$2b$12$fakehash,,student,+201099043272,2025-12-05T00:00:00,
421,std.nahla381@student.edu.eg,Nahla Farouk,$2b$12$fakehash,,student,+201247616749,2026-01-01T00:00:00,
422,std.amira382@student.edu.eg,Amira Ibrahim,$2b$12$fakehash,,student,+201233461307,2026-02-24T00:00:00,
423,std.ahmed383@student.edu.eg,Ahmed El-Sayed,$2b$12$fakehash,,student,+201053679307,2025-11-08T00:00:00,
424,std.aya384@student.edu.eg,Aya Ismail,$2b$12$fakehash,,student,+201138257191,2025-10-17T00:00:00,
425,std.sahar385@student.edu.eg,Sahar Mahmoud,$2b$12$fakehash,,student,+201246231955,2025-12-31T00:00:00,
426,std.ahmed386@student.edu.eg,Ahmed Abdel-Rahman,$2b$12$fakehash,,student,+201279391501,2025-12-11T00:00:00,
427,std.ibrahim387@student.edu.eg,Ibrahim Abdel-Rahman,$2b$12$fakehash,,student,+201194538675,2025-12-02T00:00:00,
428,std.heba388@student.edu.eg,Heba Gamal,$2b$12$fakehash,,student,+201057122567,2026-03-19T00:00:00,
429,std.bassem389@student.edu.eg,Bassem Nasser,$2b$12$fakehash,,student,+201269985944,2025-10-13T00:00:00,
430,std.ghada390@student.edu.eg,Ghada Farouk,$2b$12$fakehash,,student,+201020618223,2026-03-01T00:00:00,
431,std.ayman391@student.edu.eg,Ayman Ismail,$2b$12$fakehash,,student,+201158743159,2025-10-03T00:00:00,
432,std.seif392@student.edu.eg,Seif Mansour,$2b$12$fakehash,,student,+201123825676,2026-03-17T00:00:00,
433,std.dina393@student.edu.eg,Dina Tawfik,$2b$12$fakehash,,student,+201021316066,2025-11-03T00:00:00,
434,std.bassem394@student.edu.eg,Bassem Shaker,$2b$12$fakehash,,student,+201013834774,2026-01-19T00:00:00,
435,std.yasmin395@student.edu.eg,Yasmin Mahmoud,$2b$12$fakehash,,student,+201194697764,2026-02-11T00:00:00,
436,std.amira396@student.edu.eg,Amira Saleh,$2b$12$fakehash,,student,+201069305486,2025-09-03T00:00:00,
437,std.ahmed397@student.edu.eg,Ahmed Tawfik,$2b$12$fakehash,,student,+201211116303,2026-03-24T00:00:00,
438,std.bassem398@student.edu.eg,Bassem Ismail,$2b$12$fakehash,,student,+201065262252,2026-04-01T00:00:00,
439,std.mona399@student.edu.eg,Mona Khalil,$2b$12$fakehash,,student,+201079338228,2025-12-15T00:00:00,
440,std.hossam400@student.edu.eg,Hossam Hassan,$2b$12$fakehash,,student,+201271115104,2026-01-04T00:00:00,
